#
# A fatal error has been detected by the Java Runtime Environment:
#
#  SIGSEGV (0xb) at pc=0x00007cc832c35d78, pid=52506, tid=52507
#
# JRE version: OpenJDK Runtime Environment (17.0.18+8) (build 17.0.18+8-Ubuntu-125.10.1)
# Java VM: OpenJDK 64-Bit Server VM (17.0.18+8-Ubuntu-125.10.1, mixed mode, emulated-client, sharing, tiered, compressed oops, compressed class ptrs, g1 gc, linux-amd64)
# Problematic frame:
# V  [libjvm.so+0xe35d78]  ArgumentSizeComputer::ArgumentSizeComputer(Symbol*)+0x38
#
# Core dump will be written. Default location: Core dumps may be processed with "/usr/share/apport/apport -p%p -s%s -c%c -d%d -P%P -u%u -g%g -F%F -- %E" (or dumping to /mnt/HDD/Downloads/Projects/alumni-portal/core.52506)
#
# If you would like to submit a bug report, please visit:
#   https://bugs.launchpad.net/ubuntu/+source/openjdk-17
#

---------------  S U M M A R Y ------------

Command Line: -XX:TieredStopAtLevel=1 com.university.alumni.AlumniPortalApplication --spring.profiles.active=dev

Host: AMD Ryzen 5 3550H with Radeon Vega Mobile Gfx, 8 cores, 13G, Ubuntu 25.10
Time: Fri Mar 27 01:46:32 2026 IST elapsed time: 5.845508 seconds (0d 0h 0m 5s)

---------------  T H R E A D  ---------------

Current thread (0x00007cc82c01a260):  JavaThread "main" [_thread_in_vm, id=52507, stack(0x00007cc831900000,0x00007cc831a00000)]

Stack: [0x00007cc831900000,0x00007cc831a00000],  sp=0x00007cc8319f97f0,  free space=997k
Native frames: (J=compiled Java code, j=interpreted, Vv=VM code, C=native code)
V  [libjvm.so+0xe35d78]  ArgumentSizeComputer::ArgumentSizeComputer(Symbol*)+0x38
V  [libjvm.so+0x6eb139]  frame::interpreter_callee_receiver_addr(Symbol*)+0x19
V  [libjvm.so+0x859197]  InterpreterRuntime::resolve_invoke(JavaThread*, Bytecodes::Code)+0x297
V  [libjvm.so+0x8595cd]  InterpreterRuntime::resolve_from_cache(JavaThread*, Bytecodes::Code)+0x3d
j  org.hibernate.query.internal.QueryEngineImpl.createFunctionRegistry(Lorg/hibernate/engine/spi/SessionFactoryImplementor;Lorg/hibernate/boot/spi/MetadataImplementor;Lorg/hibernate/query/spi/QueryEngineOptions;Lorg/hibernate/dialect/Dialect;)Lorg/hibernate/query/sqm/function/SqmFunctionRegistry;+127
j  org.hibernate.query.internal.QueryEngineImpl.from(Lorg/hibernate/engine/spi/SessionFactoryImplementor;Lorg/hibernate/boot/spi/MetadataImplementor;)Lorg/hibernate/query/spi/QueryEngine;+53
j  org.hibernate.internal.SessionFactoryImpl.<init>(Lorg/hibernate/boot/spi/MetadataImplementor;Lorg/hibernate/boot/spi/SessionFactoryOptions;Lorg/hibernate/boot/spi/BootstrapContext;)V+538
j  org.hibernate.boot.internal.SessionFactoryBuilderImpl.build()Lorg/hibernate/SessionFactory;+16
j  org.hibernate.jpa.boot.internal.EntityManagerFactoryBuilderImpl.build()Ljakarta/persistence/EntityManagerFactory;+22
j  org.springframework.orm.jpa.vendor.SpringHibernateJpaPersistenceProvider.createContainerEntityManagerFactory(Ljakarta/persistence/spi/PersistenceUnitInfo;Ljava/util/Map;)Ljakarta/persistence/EntityManagerFactory;+59
j  org.springframework.orm.jpa.LocalContainerEntityManagerFactoryBean.createNativeEntityManagerFactory()Ljakarta/persistence/EntityManagerFactory;+111
j  org.springframework.orm.jpa.AbstractEntityManagerFactoryBean.buildNativeEntityManagerFactory()Ljakarta/persistence/EntityManagerFactory;+1
j  org.springframework.orm.jpa.AbstractEntityManagerFactoryBean.afterPropertiesSet()V+192
j  org.springframework.orm.jpa.LocalContainerEntityManagerFactoryBean.afterPropertiesSet()V+81
j  org.springframework.beans.factory.support.AbstractAutowireCapableBeanFactory.invokeInitMethods(Ljava/lang/String;Ljava/lang/Object;Lorg/springframework/beans/factory/support/RootBeanDefinition;)V+56
j  org.springframework.beans.factory.support.AbstractAutowireCapableBeanFactory.initializeBean(Ljava/lang/String;Ljava/lang/Object;Lorg/springframework/beans/factory/support/RootBeanDefinition;)Ljava/lang/Object;+34
j  org.springframework.beans.factory.support.AbstractAutowireCapableBeanFactory.doCreateBean(Ljava/lang/String;Lorg/springframework/beans/factory/support/RootBeanDefinition;[Ljava/lang/Object;)Ljava/lang/Object;+228
j  org.springframework.beans.factory.support.AbstractAutowireCapableBeanFactory.createBean(Ljava/lang/String;Lorg/springframework/beans/factory/support/RootBeanDefinition;[Ljava/lang/Object;)Ljava/lang/Object;+153
j  org.springframework.beans.factory.support.AbstractBeanFactory.lambda$doGetBean$0(Ljava/lang/String;Lorg/springframework/beans/factory/support/RootBeanDefinition;[Ljava/lang/Object;)Ljava/lang/Object;+4
j  org.springframework.beans.factory.support.AbstractBeanFactory$$Lambda$378+0x00007cc7bc21db68.getObject()Ljava/lang/Object;+16
j  org.springframework.beans.factory.support.DefaultSingletonBeanRegistry.getSingleton(Ljava/lang/String;Lorg/springframework/beans/factory/ObjectFactory;)Ljava/lang/Object;+897
J 3103 c1 org.springframework.beans.factory.support.AbstractBeanFactory.doGetBean(Ljava/lang/String;Ljava/lang/Class;[Ljava/lang/Object;Z)Ljava/lang/Object; (787 bytes) @ 0x00007cc821b801ac [0x00007cc821b7fb40+0x000000000000066c]
j  org.springframework.beans.factory.support.AbstractBeanFactory.getBean(Ljava/lang/String;)Ljava/lang/Object;+5
j  org.springframework.beans.factory.support.BeanDefinitionValueResolver.resolveReference(Ljava/lang/Object;Lorg/springframework/beans/factory/config/RuntimeBeanReference;)Ljava/lang/Object;+148
j  org.springframework.beans.factory.support.BeanDefinitionValueResolver.resolveValueIfNecessary(Ljava/lang/Object;Ljava/lang/Object;)Ljava/lang/Object;+15
j  org.springframework.beans.factory.support.ConstructorResolver.resolveConstructorArguments(Ljava/lang/String;Lorg/springframework/beans/factory/support/RootBeanDefinition;Lorg/springframework/beans/BeanWrapper;Lorg/springframework/beans/factory/config/ConstructorArgumentValues;Lorg/springframework/beans/factory/config/ConstructorArgumentValues;)I+182
j  org.springframework.beans.factory.support.ConstructorResolver.instantiateUsingFactoryMethod(Ljava/lang/String;Lorg/springframework/beans/factory/support/RootBeanDefinition;[Ljava/lang/Object;)Lorg/springframework/beans/BeanWrapper;+588
j  org.springframework.beans.factory.support.AbstractAutowireCapableBeanFactory.instantiateUsingFactoryMethod(Ljava/lang/String;Lorg/springframework/beans/factory/support/RootBeanDefinition;[Ljava/lang/Object;)Lorg/springframework/beans/BeanWrapper;+11
j  org.springframework.beans.factory.support.AbstractAutowireCapableBeanFactory.createBeanInstance(Ljava/lang/String;Lorg/springframework/beans/factory/support/RootBeanDefinition;[Ljava/lang/Object;)Lorg/springframework/beans/BeanWrapper;+93
j  org.springframework.beans.factory.support.AbstractAutowireCapableBeanFactory.doCreateBean(Ljava/lang/String;Lorg/springframework/beans/factory/support/RootBeanDefinition;[Ljava/lang/Object;)Ljava/lang/Object;+34
j  org.springframework.beans.factory.support.AbstractAutowireCapableBeanFactory.createBean(Ljava/lang/String;Lorg/springframework/beans/factory/support/RootBeanDefinition;[Ljava/lang/Object;)Ljava/lang/Object;+153
j  org.springframework.beans.factory.support.AbstractBeanFactory.lambda$doGetBean$0(Ljava/lang/String;Lorg/springframework/beans/factory/support/RootBeanDefinition;[Ljava/lang/Object;)Ljava/lang/Object;+4
j  org.springframework.beans.factory.support.AbstractBeanFactory$$Lambda$378+0x00007cc7bc21db68.getObject()Ljava/lang/Object;+16
j  org.springframework.beans.factory.support.DefaultSingletonBeanRegistry.getSingleton(Ljava/lang/String;Lorg/springframework/beans/factory/ObjectFactory;)Ljava/lang/Object;+897
J 3103 c1 org.springframework.beans.factory.support.AbstractBeanFactory.doGetBean(Ljava/lang/String;Ljava/lang/Class;[Ljava/lang/Object;Z)Ljava/lang/Object; (787 bytes) @ 0x00007cc821b801ac [0x00007cc821b7fb40+0x000000000000066c]
j  org.springframework.beans.factory.support.AbstractBeanFactory.getBean(Ljava/lang/String;)Ljava/lang/Object;+5
j  org.springframework.beans.factory.support.BeanDefinitionValueResolver.resolveReference(Ljava/lang/Object;Lorg/springframework/beans/factory/config/RuntimeBeanReference;)Ljava/lang/Object;+148
j  org.springframework.beans.factory.support.BeanDefinitionValueResolver.resolveValueIfNecessary(Ljava/lang/Object;Ljava/lang/Object;)Ljava/lang/Object;+15
j  org.springframework.beans.factory.support.AbstractAutowireCapableBeanFactory.applyPropertyValues(Ljava/lang/String;Lorg/springframework/beans/factory/config/BeanDefinition;Lorg/springframework/beans/BeanWrapper;Lorg/springframework/beans/PropertyValues;)V+277
j  org.springframework.beans.factory.support.AbstractAutowireCapableBeanFactory.populateBean(Ljava/lang/String;Lorg/springframework/beans/factory/support/RootBeanDefinition;Lorg/springframework/beans/BeanWrapper;)V+351
j  org.springframework.beans.factory.support.AbstractAutowireCapableBeanFactory.doCreateBean(Ljava/lang/String;Lorg/springframework/beans/factory/support/RootBeanDefinition;[Ljava/lang/Object;)Ljava/lang/Object;+220
j  org.springframework.beans.factory.support.AbstractAutowireCapableBeanFactory.createBean(Ljava/lang/String;Lorg/springframework/beans/factory/support/RootBeanDefinition;[Ljava/lang/Object;)Ljava/lang/Object;+153
j  org.springframework.beans.factory.support.AbstractBeanFactory.lambda$doGetBean$0(Ljava/lang/String;Lorg/springframework/beans/factory/support/RootBeanDefinition;[Ljava/lang/Object;)Ljava/lang/Object;+4
j  org.springframework.beans.factory.support.AbstractBeanFactory$$Lambda$378+0x00007cc7bc21db68.getObject()Ljava/lang/Object;+16
j  org.springframework.beans.factory.support.DefaultSingletonBeanRegistry.getSingleton(Ljava/lang/String;Lorg/springframework/beans/factory/ObjectFactory;)Ljava/lang/Object;+897
J 3103 c1 org.springframework.beans.factory.support.AbstractBeanFactory.doGetBean(Ljava/lang/String;Ljava/lang/Class;[Ljava/lang/Object;Z)Ljava/lang/Object; (787 bytes) @ 0x00007cc821b801ac [0x00007cc821b7fb40+0x000000000000066c]
j  org.springframework.beans.factory.support.AbstractBeanFactory.getBean(Ljava/lang/String;)Ljava/lang/Object;+5
j  org.springframework.beans.factory.support.DefaultListableBeanFactory.doResolveDependency(Lorg/springframework/beans/factory/config/DependencyDescriptor;Ljava/lang/String;Ljava/util/Set;Lorg/springframework/beans/TypeConverter;)Ljava/lang/Object;+354
j  org.springframework.beans.factory.support.DefaultListableBeanFactory.resolveDependency(Lorg/springframework/beans/factory/config/DependencyDescriptor;Ljava/lang/String;Ljava/util/Set;Lorg/springframework/beans/TypeConverter;)Ljava/lang/Object;+117
j  org.springframework.beans.factory.support.ConstructorResolver.resolveAutowiredArgument(Lorg/springframework/beans/factory/config/DependencyDescriptor;Ljava/lang/Class;Ljava/lang/String;Ljava/util/Set;Lorg/springframework/beans/TypeConverter;Z)Ljava/lang/Object;+56
j  org.springframework.beans.factory.support.ConstructorResolver.createArgumentArray(Ljava/lang/String;Lorg/springframework/beans/factory/support/RootBeanDefinition;Lorg/springframework/beans/factory/config/ConstructorArgumentValues;Lorg/springframework/beans/BeanWrapper;[Ljava/lang/Class;[Ljava/lang/String;Ljava/lang/reflect/Executable;ZZ)Lorg/springframework/beans/factory/support/ConstructorResolver$ArgumentsHolder;+420
j  org.springframework.beans.factory.support.ConstructorResolver.autowireConstructor(Ljava/lang/String;Lorg/springframework/beans/factory/support/RootBeanDefinition;[Ljava/lang/reflect/Constructor;[Ljava/lang/Object;)Lorg/springframework/beans/BeanWrapper;+533
j  org.springframework.beans.factory.support.AbstractAutowireCapableBeanFactory.autowireConstructor(Ljava/lang/String;Lorg/springframework/beans/factory/support/RootBeanDefinition;[Ljava/lang/reflect/Constructor;[Ljava/lang/Object;)Lorg/springframework/beans/BeanWrapper;+13
j  org.springframework.beans.factory.support.AbstractAutowireCapableBeanFactory.createBeanInstance(Ljava/lang/String;Lorg/springframework/beans/factory/support/RootBeanDefinition;[Ljava/lang/Object;)Lorg/springframework/beans/BeanWrapper;+213
j  org.springframework.beans.factory.support.AbstractAutowireCapableBeanFactory.doCreateBean(Ljava/lang/String;Lorg/springframework/beans/factory/support/RootBeanDefinition;[Ljava/lang/Object;)Ljava/lang/Object;+34
j  org.springframework.beans.factory.support.AbstractAutowireCapableBeanFactory.createBean(Ljava/lang/String;Lorg/springframework/beans/factory/support/RootBeanDefinition;[Ljava/lang/Object;)Ljava/lang/Object;+153
j  org.springframework.beans.factory.support.AbstractBeanFactory.lambda$doGetBean$0(Ljava/lang/String;Lorg/springframework/beans/factory/support/RootBeanDefinition;[Ljava/lang/Object;)Ljava/lang/Object;+4
j  org.springframework.beans.factory.support.AbstractBeanFactory$$Lambda$378+0x00007cc7bc21db68.getObject()Ljava/lang/Object;+16
j  org.springframework.beans.factory.support.DefaultSingletonBeanRegistry.getSingleton(Ljava/lang/String;Lorg/springframework/beans/factory/ObjectFactory;)Ljava/lang/Object;+897
J 3103 c1 org.springframework.beans.factory.support.AbstractBeanFactory.doGetBean(Ljava/lang/String;Ljava/lang/Class;[Ljava/lang/Object;Z)Ljava/lang/Object; (787 bytes) @ 0x00007cc821b801ac [0x00007cc821b7fb40+0x000000000000066c]
j  org.springframework.beans.factory.support.AbstractBeanFactory.getBean(Ljava/lang/String;)Ljava/lang/Object;+5
j  org.springframework.beans.factory.config.DependencyDescriptor.resolveCandidate(Ljava/lang/String;Ljava/lang/Class;Lorg/springframework/beans/factory/BeanFactory;)Ljava/lang/Object;+2
j  org.springframework.beans.factory.support.DefaultListableBeanFactory.doResolveDependency(Lorg/springframework/beans/factory/config/DependencyDescriptor;Ljava/lang/String;Ljava/util/Set;Lorg/springframework/beans/TypeConverter;)Ljava/lang/Object;+665
j  org.springframework.beans.factory.support.DefaultListableBeanFactory.resolveDependency(Lorg/springframework/beans/factory/config/DependencyDescriptor;Ljava/lang/String;Ljava/util/Set;Lorg/springframework/beans/TypeConverter;)Ljava/lang/Object;+117
j  org.springframework.beans.factory.support.ConstructorResolver.resolveAutowiredArgument(Lorg/springframework/beans/factory/config/DependencyDescriptor;Ljava/lang/Class;Ljava/lang/String;Ljava/util/Set;Lorg/springframework/beans/TypeConverter;Z)Ljava/lang/Object;+56
j  org.springframework.beans.factory.support.ConstructorResolver.createArgumentArray(Ljava/lang/String;Lorg/springframework/beans/factory/support/RootBeanDefinition;Lorg/springframework/beans/factory/config/ConstructorArgumentValues;Lorg/springframework/beans/BeanWrapper;[Ljava/lang/Class;[Ljava/lang/String;Ljava/lang/reflect/Executable;ZZ)Lorg/springframework/beans/factory/support/ConstructorResolver$ArgumentsHolder;+420
j  org.springframework.beans.factory.support.ConstructorResolver.autowireConstructor(Ljava/lang/String;Lorg/springframework/beans/factory/support/RootBeanDefinition;[Ljava/lang/reflect/Constructor;[Ljava/lang/Object;)Lorg/springframework/beans/BeanWrapper;+533
j  org.springframework.beans.factory.support.AbstractAutowireCapableBeanFactory.autowireConstructor(Ljava/lang/String;Lorg/springframework/beans/factory/support/RootBeanDefinition;[Ljava/lang/reflect/Constructor;[Ljava/lang/Object;)Lorg/springframework/beans/BeanWrapper;+13
j  org.springframework.beans.factory.support.AbstractAutowireCapableBeanFactory.createBeanInstance(Ljava/lang/String;Lorg/springframework/beans/factory/support/RootBeanDefinition;[Ljava/lang/Object;)Lorg/springframework/beans/BeanWrapper;+213
j  org.springframework.beans.factory.support.AbstractAutowireCapableBeanFactory.doCreateBean(Ljava/lang/String;Lorg/springframework/beans/factory/support/RootBeanDefinition;[Ljava/lang/Object;)Ljava/lang/Object;+34
j  org.springframework.beans.factory.support.AbstractAutowireCapableBeanFactory.createBean(Ljava/lang/String;Lorg/springframework/beans/factory/support/RootBeanDefinition;[Ljava/lang/Object;)Ljava/lang/Object;+153
j  org.springframework.beans.factory.support.AbstractBeanFactory.lambda$doGetBean$0(Ljava/lang/String;Lorg/springframework/beans/factory/support/RootBeanDefinition;[Ljava/lang/Object;)Ljava/lang/Object;+4
j  org.springframework.beans.factory.support.AbstractBeanFactory$$Lambda$378+0x00007cc7bc21db68.getObject()Ljava/lang/Object;+16
j  org.springframework.beans.factory.support.DefaultSingletonBeanRegistry.getSingleton(Ljava/lang/String;Lorg/springframework/beans/factory/ObjectFactory;)Ljava/lang/Object;+897
J 3103 c1 org.springframework.beans.factory.support.AbstractBeanFactory.doGetBean(Ljava/lang/String;Ljava/lang/Class;[Ljava/lang/Object;Z)Ljava/lang/Object; (787 bytes) @ 0x00007cc821b801ac [0x00007cc821b7fb40+0x000000000000066c]
J 2787 c1 org.springframework.beans.factory.support.AbstractBeanFactory.getBean(Ljava/lang/String;Ljava/lang/Class;)Ljava/lang/Object; (9 bytes) @ 0x00007cc821af9084 [0x00007cc821af9040+0x0000000000000044]
j  org.springframework.boot.web.servlet.ServletContextInitializerBeans.getOrderedBeansOfType(Lorg/springframework/beans/factory/ListableBeanFactory;Ljava/lang/Class;Lorg/springframework/boot/web/servlet/ServletContextInitializerBeans$Seen;)Ljava/util/List;+68
j  org.springframework.boot.web.servlet.ServletContextInitializerBeans.addAsRegistrationBean(Lorg/springframework/beans/factory/ListableBeanFactory;Ljava/lang/Class;Ljava/lang/Class;Lorg/springframework/boot/web/servlet/ServletContextInitializerBeans$RegistrationBeanAdapter;)V+7
j  org.springframework.boot.web.servlet.ServletContextInitializerBeans.addAsRegistrationBean(Lorg/springframework/beans/factory/ListableBeanFactory;Ljava/lang/Class;Lorg/springframework/boot/web/servlet/ServletContextInitializerBeans$RegistrationBeanAdapter;)V+5
j  org.springframework.boot.web.servlet.ServletContextInitializerBeans.addAdaptableBeans(Lorg/springframework/beans/factory/ListableBeanFactory;)V+34
j  org.springframework.boot.web.servlet.ServletContextInitializerBeans.<init>(Lorg/springframework/beans/factory/ListableBeanFactory;[Ljava/lang/Class;)V+54
j  org.springframework.boot.web.servlet.context.ServletWebServerApplicationContext.getServletContextInitializerBeans()Ljava/util/Collection;+12
j  org.springframework.boot.web.servlet.context.ServletWebServerApplicationContext.selfInitialize(Ljakarta/servlet/ServletContext;)V+19
j  org.springframework.boot.web.servlet.context.ServletWebServerApplicationContext$$Lambda$947+0x00007cc7bc51d3c0.onStartup(Ljakarta/servlet/ServletContext;)V+5
j  org.springframework.boot.web.embedded.tomcat.TomcatStarter.onStartup(Ljava/util/Set;Ljakarta/servlet/ServletContext;)V+28
j  org.apache.catalina.core.StandardContext.startInternal()V+1059
j  org.apache.catalina.util.LifecycleBase.start()V+210
j  org.apache.catalina.core.ContainerBase$StartChild.call()Ljava/lang/Void;+4
j  org.apache.catalina.core.ContainerBase$StartChild.call()Ljava/lang/Object;+1
j  java.util.concurrent.FutureTask.run()V+39 java.base@17.0.18
j  org.apache.tomcat.util.threads.InlineExecutorService.execute(Ljava/lang/Runnable;)V+38
j  java.util.concurrent.AbstractExecutorService.submit(Ljava/util/concurrent/Callable;)Ljava/util/concurrent/Future;+20 java.base@17.0.18
j  org.apache.catalina.core.ContainerBase.startInternal()V+116
j  org.apache.catalina.core.StandardHost.startInternal()V+177
j  org.apache.catalina.util.LifecycleBase.start()V+210
j  org.apache.catalina.core.ContainerBase$StartChild.call()Ljava/lang/Void;+4
j  org.apache.catalina.core.ContainerBase$StartChild.call()Ljava/lang/Object;+1
j  java.util.concurrent.FutureTask.run()V+39 java.base@17.0.18
j  org.apache.tomcat.util.threads.InlineExecutorService.execute(Ljava/lang/Runnable;)V+38
j  java.util.concurrent.AbstractExecutorService.submit(Ljava/util/concurrent/Callable;)Ljava/util/concurrent/Future;+20 java.base@17.0.18
...<more frames>...

Java frames: (J=compiled Java code, j=interpreted, Vv=VM code)
j  org.hibernate.query.internal.QueryEngineImpl.createFunctionRegistry(Lorg/hibernate/engine/spi/SessionFactoryImplementor;Lorg/hibernate/boot/spi/MetadataImplementor;Lorg/hibernate/query/spi/QueryEngineOptions;Lorg/hibernate/dialect/Dialect;)Lorg/hibernate/query/sqm/function/SqmFunctionRegistry;+127
j  org.hibernate.query.internal.QueryEngineImpl.from(Lorg/hibernate/engine/spi/SessionFactoryImplementor;Lorg/hibernate/boot/spi/MetadataImplementor;)Lorg/hibernate/query/spi/QueryEngine;+53
j  org.hibernate.internal.SessionFactoryImpl.<init>(Lorg/hibernate/boot/spi/MetadataImplementor;Lorg/hibernate/boot/spi/SessionFactoryOptions;Lorg/hibernate/boot/spi/BootstrapContext;)V+538
j  org.hibernate.boot.internal.SessionFactoryBuilderImpl.build()Lorg/hibernate/SessionFactory;+16
j  org.hibernate.jpa.boot.internal.EntityManagerFactoryBuilderImpl.build()Ljakarta/persistence/EntityManagerFactory;+22
j  org.springframework.orm.jpa.vendor.SpringHibernateJpaPersistenceProvider.createContainerEntityManagerFactory(Ljakarta/persistence/spi/PersistenceUnitInfo;Ljava/util/Map;)Ljakarta/persistence/EntityManagerFactory;+59
j  org.springframework.orm.jpa.LocalContainerEntityManagerFactoryBean.createNativeEntityManagerFactory()Ljakarta/persistence/EntityManagerFactory;+111
j  org.springframework.orm.jpa.AbstractEntityManagerFactoryBean.buildNativeEntityManagerFactory()Ljakarta/persistence/EntityManagerFactory;+1
j  org.springframework.orm.jpa.AbstractEntityManagerFactoryBean.afterPropertiesSet()V+192
j  org.springframework.orm.jpa.LocalContainerEntityManagerFactoryBean.afterPropertiesSet()V+81
j  org.springframework.beans.factory.support.AbstractAutowireCapableBeanFactory.invokeInitMethods(Ljava/lang/String;Ljava/lang/Object;Lorg/springframework/beans/factory/support/RootBeanDefinition;)V+56
j  org.springframework.beans.factory.support.AbstractAutowireCapableBeanFactory.initializeBean(Ljava/lang/String;Ljava/lang/Object;Lorg/springframework/beans/factory/support/RootBeanDefinition;)Ljava/lang/Object;+34
j  org.springframework.beans.factory.support.AbstractAutowireCapableBeanFactory.doCreateBean(Ljava/lang/String;Lorg/springframework/beans/factory/support/RootBeanDefinition;[Ljava/lang/Object;)Ljava/lang/Object;+228
j  org.springframework.beans.factory.support.AbstractAutowireCapableBeanFactory.createBean(Ljava/lang/String;Lorg/springframework/beans/factory/support/RootBeanDefinition;[Ljava/lang/Object;)Ljava/lang/Object;+153
j  org.springframework.beans.factory.support.AbstractBeanFactory.lambda$doGetBean$0(Ljava/lang/String;Lorg/springframework/beans/factory/support/RootBeanDefinition;[Ljava/lang/Object;)Ljava/lang/Object;+4
j  org.springframework.beans.factory.support.AbstractBeanFactory$$Lambda$378+0x00007cc7bc21db68.getObject()Ljava/lang/Object;+16
j  org.springframework.beans.factory.support.DefaultSingletonBeanRegistry.getSingleton(Ljava/lang/String;Lorg/springframework/beans/factory/ObjectFactory;)Ljava/lang/Object;+897
J 3103 c1 org.springframework.beans.factory.support.AbstractBeanFactory.doGetBean(Ljava/lang/String;Ljava/lang/Class;[Ljava/lang/Object;Z)Ljava/lang/Object; (787 bytes) @ 0x00007cc821b801ac [0x00007cc821b7fb40+0x000000000000066c]
j  org.springframework.beans.factory.support.AbstractBeanFactory.getBean(Ljava/lang/String;)Ljava/lang/Object;+5
j  org.springframework.beans.factory.support.BeanDefinitionValueResolver.resolveReference(Ljava/lang/Object;Lorg/springframework/beans/factory/config/RuntimeBeanReference;)Ljava/lang/Object;+148
j  org.springframework.beans.factory.support.BeanDefinitionValueResolver.resolveValueIfNecessary(Ljava/lang/Object;Ljava/lang/Object;)Ljava/lang/Object;+15
j  org.springframework.beans.factory.support.ConstructorResolver.resolveConstructorArguments(Ljava/lang/String;Lorg/springframework/beans/factory/support/RootBeanDefinition;Lorg/springframework/beans/BeanWrapper;Lorg/springframework/beans/factory/config/ConstructorArgumentValues;Lorg/springframework/beans/factory/config/ConstructorArgumentValues;)I+182
j  org.springframework.beans.factory.support.ConstructorResolver.instantiateUsingFactoryMethod(Ljava/lang/String;Lorg/springframework/beans/factory/support/RootBeanDefinition;[Ljava/lang/Object;)Lorg/springframework/beans/BeanWrapper;+588
j  org.springframework.beans.factory.support.AbstractAutowireCapableBeanFactory.instantiateUsingFactoryMethod(Ljava/lang/String;Lorg/springframework/beans/factory/support/RootBeanDefinition;[Ljava/lang/Object;)Lorg/springframework/beans/BeanWrapper;+11
j  org.springframework.beans.factory.support.AbstractAutowireCapableBeanFactory.createBeanInstance(Ljava/lang/String;Lorg/springframework/beans/factory/support/RootBeanDefinition;[Ljava/lang/Object;)Lorg/springframework/beans/BeanWrapper;+93
j  org.springframework.beans.factory.support.AbstractAutowireCapableBeanFactory.doCreateBean(Ljava/lang/String;Lorg/springframework/beans/factory/support/RootBeanDefinition;[Ljava/lang/Object;)Ljava/lang/Object;+34
j  org.springframework.beans.factory.support.AbstractAutowireCapableBeanFactory.createBean(Ljava/lang/String;Lorg/springframework/beans/factory/support/RootBeanDefinition;[Ljava/lang/Object;)Ljava/lang/Object;+153
j  org.springframework.beans.factory.support.AbstractBeanFactory.lambda$doGetBean$0(Ljava/lang/String;Lorg/springframework/beans/factory/support/RootBeanDefinition;[Ljava/lang/Object;)Ljava/lang/Object;+4
j  org.springframework.beans.factory.support.AbstractBeanFactory$$Lambda$378+0x00007cc7bc21db68.getObject()Ljava/lang/Object;+16
j  org.springframework.beans.factory.support.DefaultSingletonBeanRegistry.getSingleton(Ljava/lang/String;Lorg/springframework/beans/factory/ObjectFactory;)Ljava/lang/Object;+897
J 3103 c1 org.springframework.beans.factory.support.AbstractBeanFactory.doGetBean(Ljava/lang/String;Ljava/lang/Class;[Ljava/lang/Object;Z)Ljava/lang/Object; (787 bytes) @ 0x00007cc821b801ac [0x00007cc821b7fb40+0x000000000000066c]
j  org.springframework.beans.factory.support.AbstractBeanFactory.getBean(Ljava/lang/String;)Ljava/lang/Object;+5
j  org.springframework.beans.factory.support.BeanDefinitionValueResolver.resolveReference(Ljava/lang/Object;Lorg/springframework/beans/factory/config/RuntimeBeanReference;)Ljava/lang/Object;+148
j  org.springframework.beans.factory.support.BeanDefinitionValueResolver.resolveValueIfNecessary(Ljava/lang/Object;Ljava/lang/Object;)Ljava/lang/Object;+15
j  org.springframework.beans.factory.support.AbstractAutowireCapableBeanFactory.applyPropertyValues(Ljava/lang/String;Lorg/springframework/beans/factory/config/BeanDefinition;Lorg/springframework/beans/BeanWrapper;Lorg/springframework/beans/PropertyValues;)V+277
j  org.springframework.beans.factory.support.AbstractAutowireCapableBeanFactory.populateBean(Ljava/lang/String;Lorg/springframework/beans/factory/support/RootBeanDefinition;Lorg/springframework/beans/BeanWrapper;)V+351
j  org.springframework.beans.factory.support.AbstractAutowireCapableBeanFactory.doCreateBean(Ljava/lang/String;Lorg/springframework/beans/factory/support/RootBeanDefinition;[Ljava/lang/Object;)Ljava/lang/Object;+220
j  org.springframework.beans.factory.support.AbstractAutowireCapableBeanFactory.createBean(Ljava/lang/String;Lorg/springframework/beans/factory/support/RootBeanDefinition;[Ljava/lang/Object;)Ljava/lang/Object;+153
j  org.springframework.beans.factory.support.AbstractBeanFactory.lambda$doGetBean$0(Ljava/lang/String;Lorg/springframework/beans/factory/support/RootBeanDefinition;[Ljava/lang/Object;)Ljava/lang/Object;+4
j  org.springframework.beans.factory.support.AbstractBeanFactory$$Lambda$378+0x00007cc7bc21db68.getObject()Ljava/lang/Object;+16
j  org.springframework.beans.factory.support.DefaultSingletonBeanRegistry.getSingleton(Ljava/lang/String;Lorg/springframework/beans/factory/ObjectFactory;)Ljava/lang/Object;+897
J 3103 c1 org.springframework.beans.factory.support.AbstractBeanFactory.doGetBean(Ljava/lang/String;Ljava/lang/Class;[Ljava/lang/Object;Z)Ljava/lang/Object; (787 bytes) @ 0x00007cc821b801ac [0x00007cc821b7fb40+0x000000000000066c]
j  org.springframework.beans.factory.support.AbstractBeanFactory.getBean(Ljava/lang/String;)Ljava/lang/Object;+5
j  org.springframework.beans.factory.support.DefaultListableBeanFactory.doResolveDependency(Lorg/springframework/beans/factory/config/DependencyDescriptor;Ljava/lang/String;Ljava/util/Set;Lorg/springframework/beans/TypeConverter;)Ljava/lang/Object;+354
j  org.springframework.beans.factory.support.DefaultListableBeanFactory.resolveDependency(Lorg/springframework/beans/factory/config/DependencyDescriptor;Ljava/lang/String;Ljava/util/Set;Lorg/springframework/beans/TypeConverter;)Ljava/lang/Object;+117
j  org.springframework.beans.factory.support.ConstructorResolver.resolveAutowiredArgument(Lorg/springframework/beans/factory/config/DependencyDescriptor;Ljava/lang/Class;Ljava/lang/String;Ljava/util/Set;Lorg/springframework/beans/TypeConverter;Z)Ljava/lang/Object;+56
j  org.springframework.beans.factory.support.ConstructorResolver.createArgumentArray(Ljava/lang/String;Lorg/springframework/beans/factory/support/RootBeanDefinition;Lorg/springframework/beans/factory/config/ConstructorArgumentValues;Lorg/springframework/beans/BeanWrapper;[Ljava/lang/Class;[Ljava/lang/String;Ljava/lang/reflect/Executable;ZZ)Lorg/springframework/beans/factory/support/ConstructorResolver$ArgumentsHolder;+420
j  org.springframework.beans.factory.support.ConstructorResolver.autowireConstructor(Ljava/lang/String;Lorg/springframework/beans/factory/support/RootBeanDefinition;[Ljava/lang/reflect/Constructor;[Ljava/lang/Object;)Lorg/springframework/beans/BeanWrapper;+533
j  org.springframework.beans.factory.support.AbstractAutowireCapableBeanFactory.autowireConstructor(Ljava/lang/String;Lorg/springframework/beans/factory/support/RootBeanDefinition;[Ljava/lang/reflect/Constructor;[Ljava/lang/Object;)Lorg/springframework/beans/BeanWrapper;+13
j  org.springframework.beans.factory.support.AbstractAutowireCapableBeanFactory.createBeanInstance(Ljava/lang/String;Lorg/springframework/beans/factory/support/RootBeanDefinition;[Ljava/lang/Object;)Lorg/springframework/beans/BeanWrapper;+213
j  org.springframework.beans.factory.support.AbstractAutowireCapableBeanFactory.doCreateBean(Ljava/lang/String;Lorg/springframework/beans/factory/support/RootBeanDefinition;[Ljava/lang/Object;)Ljava/lang/Object;+34
j  org.springframework.beans.factory.support.AbstractAutowireCapableBeanFactory.createBean(Ljava/lang/String;Lorg/springframework/beans/factory/support/RootBeanDefinition;[Ljava/lang/Object;)Ljava/lang/Object;+153
j  org.springframework.beans.factory.support.AbstractBeanFactory.lambda$doGetBean$0(Ljava/lang/String;Lorg/springframework/beans/factory/support/RootBeanDefinition;[Ljava/lang/Object;)Ljava/lang/Object;+4
j  org.springframework.beans.factory.support.AbstractBeanFactory$$Lambda$378+0x00007cc7bc21db68.getObject()Ljava/lang/Object;+16
j  org.springframework.beans.factory.support.DefaultSingletonBeanRegistry.getSingleton(Ljava/lang/String;Lorg/springframework/beans/factory/ObjectFactory;)Ljava/lang/Object;+897
J 3103 c1 org.springframework.beans.factory.support.AbstractBeanFactory.doGetBean(Ljava/lang/String;Ljava/lang/Class;[Ljava/lang/Object;Z)Ljava/lang/Object; (787 bytes) @ 0x00007cc821b801ac [0x00007cc821b7fb40+0x000000000000066c]
j  org.springframework.beans.factory.support.AbstractBeanFactory.getBean(Ljava/lang/String;)Ljava/lang/Object;+5
j  org.springframework.beans.factory.config.DependencyDescriptor.resolveCandidate(Ljava/lang/String;Ljava/lang/Class;Lorg/springframework/beans/factory/BeanFactory;)Ljava/lang/Object;+2
j  org.springframework.beans.factory.support.DefaultListableBeanFactory.doResolveDependency(Lorg/springframework/beans/factory/config/DependencyDescriptor;Ljava/lang/String;Ljava/util/Set;Lorg/springframework/beans/TypeConverter;)Ljava/lang/Object;+665
j  org.springframework.beans.factory.support.DefaultListableBeanFactory.resolveDependency(Lorg/springframework/beans/factory/config/DependencyDescriptor;Ljava/lang/String;Ljava/util/Set;Lorg/springframework/beans/TypeConverter;)Ljava/lang/Object;+117
j  org.springframework.beans.factory.support.ConstructorResolver.resolveAutowiredArgument(Lorg/springframework/beans/factory/config/DependencyDescriptor;Ljava/lang/Class;Ljava/lang/String;Ljava/util/Set;Lorg/springframework/beans/TypeConverter;Z)Ljava/lang/Object;+56
j  org.springframework.beans.factory.support.ConstructorResolver.createArgumentArray(Ljava/lang/String;Lorg/springframework/beans/factory/support/RootBeanDefinition;Lorg/springframework/beans/factory/config/ConstructorArgumentValues;Lorg/springframework/beans/BeanWrapper;[Ljava/lang/Class;[Ljava/lang/String;Ljava/lang/reflect/Executable;ZZ)Lorg/springframework/beans/factory/support/ConstructorResolver$ArgumentsHolder;+420
j  org.springframework.beans.factory.support.ConstructorResolver.autowireConstructor(Ljava/lang/String;Lorg/springframework/beans/factory/support/RootBeanDefinition;[Ljava/lang/reflect/Constructor;[Ljava/lang/Object;)Lorg/springframework/beans/BeanWrapper;+533
j  org.springframework.beans.factory.support.AbstractAutowireCapableBeanFactory.autowireConstructor(Ljava/lang/String;Lorg/springframework/beans/factory/support/RootBeanDefinition;[Ljava/lang/reflect/Constructor;[Ljava/lang/Object;)Lorg/springframework/beans/BeanWrapper;+13
j  org.springframework.beans.factory.support.AbstractAutowireCapableBeanFactory.createBeanInstance(Ljava/lang/String;Lorg/springframework/beans/factory/support/RootBeanDefinition;[Ljava/lang/Object;)Lorg/springframework/beans/BeanWrapper;+213
j  org.springframework.beans.factory.support.AbstractAutowireCapableBeanFactory.doCreateBean(Ljava/lang/String;Lorg/springframework/beans/factory/support/RootBeanDefinition;[Ljava/lang/Object;)Ljava/lang/Object;+34
j  org.springframework.beans.factory.support.AbstractAutowireCapableBeanFactory.createBean(Ljava/lang/String;Lorg/springframework/beans/factory/support/RootBeanDefinition;[Ljava/lang/Object;)Ljava/lang/Object;+153
j  org.springframework.beans.factory.support.AbstractBeanFactory.lambda$doGetBean$0(Ljava/lang/String;Lorg/springframework/beans/factory/support/RootBeanDefinition;[Ljava/lang/Object;)Ljava/lang/Object;+4
j  org.springframework.beans.factory.support.AbstractBeanFactory$$Lambda$378+0x00007cc7bc21db68.getObject()Ljava/lang/Object;+16
j  org.springframework.beans.factory.support.DefaultSingletonBeanRegistry.getSingleton(Ljava/lang/String;Lorg/springframework/beans/factory/ObjectFactory;)Ljava/lang/Object;+897
J 3103 c1 org.springframework.beans.factory.support.AbstractBeanFactory.doGetBean(Ljava/lang/String;Ljava/lang/Class;[Ljava/lang/Object;Z)Ljava/lang/Object; (787 bytes) @ 0x00007cc821b801ac [0x00007cc821b7fb40+0x000000000000066c]
J 2787 c1 org.springframework.beans.factory.support.AbstractBeanFactory.getBean(Ljava/lang/String;Ljava/lang/Class;)Ljava/lang/Object; (9 bytes) @ 0x00007cc821af9084 [0x00007cc821af9040+0x0000000000000044]
j  org.springframework.boot.web.servlet.ServletContextInitializerBeans.getOrderedBeansOfType(Lorg/springframework/beans/factory/ListableBeanFactory;Ljava/lang/Class;Lorg/springframework/boot/web/servlet/ServletContextInitializerBeans$Seen;)Ljava/util/List;+68
j  org.springframework.boot.web.servlet.ServletContextInitializerBeans.addAsRegistrationBean(Lorg/springframework/beans/factory/ListableBeanFactory;Ljava/lang/Class;Ljava/lang/Class;Lorg/springframework/boot/web/servlet/ServletContextInitializerBeans$RegistrationBeanAdapter;)V+7
j  org.springframework.boot.web.servlet.ServletContextInitializerBeans.addAsRegistrationBean(Lorg/springframework/beans/factory/ListableBeanFactory;Ljava/lang/Class;Lorg/springframework/boot/web/servlet/ServletContextInitializerBeans$RegistrationBeanAdapter;)V+5
j  org.springframework.boot.web.servlet.ServletContextInitializerBeans.addAdaptableBeans(Lorg/springframework/beans/factory/ListableBeanFactory;)V+34
j  org.springframework.boot.web.servlet.ServletContextInitializerBeans.<init>(Lorg/springframework/beans/factory/ListableBeanFactory;[Ljava/lang/Class;)V+54
j  org.springframework.boot.web.servlet.context.ServletWebServerApplicationContext.getServletContextInitializerBeans()Ljava/util/Collection;+12
j  org.springframework.boot.web.servlet.context.ServletWebServerApplicationContext.selfInitialize(Ljakarta/servlet/ServletContext;)V+19
j  org.springframework.boot.web.servlet.context.ServletWebServerApplicationContext$$Lambda$947+0x00007cc7bc51d3c0.onStartup(Ljakarta/servlet/ServletContext;)V+5
j  org.springframework.boot.web.embedded.tomcat.TomcatStarter.onStartup(Ljava/util/Set;Ljakarta/servlet/ServletContext;)V+28
j  org.apache.catalina.core.StandardContext.startInternal()V+1059
j  org.apache.catalina.util.LifecycleBase.start()V+210
j  org.apache.catalina.core.ContainerBase$StartChild.call()Ljava/lang/Void;+4
j  org.apache.catalina.core.ContainerBase$StartChild.call()Ljava/lang/Object;+1
j  java.util.concurrent.FutureTask.run()V+39 java.base@17.0.18
j  org.apache.tomcat.util.threads.InlineExecutorService.execute(Ljava/lang/Runnable;)V+38
j  java.util.concurrent.AbstractExecutorService.submit(Ljava/util/concurrent/Callable;)Ljava/util/concurrent/Future;+20 java.base@17.0.18
j  org.apache.catalina.core.ContainerBase.startInternal()V+116
j  org.apache.catalina.core.StandardHost.startInternal()V+177
j  org.apache.catalina.util.LifecycleBase.start()V+210
j  org.apache.catalina.core.ContainerBase$StartChild.call()Ljava/lang/Void;+4
j  org.apache.catalina.core.ContainerBase$StartChild.call()Ljava/lang/Object;+1
j  java.util.concurrent.FutureTask.run()V+39 java.base@17.0.18
j  org.apache.tomcat.util.threads.InlineExecutorService.execute(Ljava/lang/Runnable;)V+38
j  java.util.concurrent.AbstractExecutorService.submit(Ljava/util/concurrent/Callable;)Ljava/util/concurrent/Future;+20 java.base@17.0.18
j  org.apache.catalina.core.ContainerBase.startInternal()V+116
j  org.apache.catalina.core.StandardEngine.startInternal()V+38
j  org.apache.catalina.util.LifecycleBase.start()V+210
j  org.apache.catalina.core.StandardService.startInternal()V+56
j  org.apache.catalina.util.LifecycleBase.start()V+210
j  org.apache.catalina.core.StandardServer.startInternal()V+84
j  org.apache.catalina.util.LifecycleBase.start()V+210
j  org.apache.catalina.startup.Tomcat.start()V+9
j  org.springframework.boot.web.embedded.tomcat.TomcatWebServer.initialize()V+55
j  org.springframework.boot.web.embedded.tomcat.TomcatWebServer.<init>(Lorg/apache/catalina/startup/Tomcat;ZLorg/springframework/boot/web/server/Shutdown;)V+66
j  org.springframework.boot.web.embedded.tomcat.TomcatServletWebServerFactory.getTomcatWebServer(Lorg/apache/catalina/startup/Tomcat;)Lorg/springframework/boot/web/embedded/tomcat/TomcatWebServer;+21
j  org.springframework.boot.web.embedded.tomcat.TomcatServletWebServerFactory.getWebServer([Lorg/springframework/boot/web/servlet/ServletContextInitializer;)Lorg/springframework/boot/web/server/WebServer;+226
j  org.springframework.boot.web.servlet.context.ServletWebServerApplicationContext.createWebServer()V+67
j  org.springframework.boot.web.servlet.context.ServletWebServerApplicationContext.onRefresh()V+5
j  org.springframework.context.support.AbstractApplicationContext.refresh()V+85
j  org.springframework.boot.web.servlet.context.ServletWebServerApplicationContext.refresh()V+1
j  org.springframework.boot.SpringApplication.refresh(Lorg/springframework/context/ConfigurableApplicationContext;)V+1
j  org.springframework.boot.SpringApplication.refreshContext(Lorg/springframework/context/ConfigurableApplicationContext;)V+19
j  org.springframework.boot.SpringApplication.run([Ljava/lang/String;)Lorg/springframework/context/ConfigurableApplicationContext;+113
j  org.springframework.boot.SpringApplication.run([Ljava/lang/Class;[Ljava/lang/String;)Lorg/springframework/context/ConfigurableApplicationContext;+9
j  org.springframework.boot.SpringApplication.run(Ljava/lang/Class;[Ljava/lang/String;)Lorg/springframework/context/ConfigurableApplicationContext;+9
j  com.university.alumni.AlumniPortalApplication.main([Ljava/lang/String;)V+3
v  ~StubRoutines::call_stub

siginfo: si_signo: 11 (SIGSEGV), si_code: 1 (SEGV_MAPERR), si_addr: 0x0000000000000004

Registers:
RAX=0x00007cc8331ca500, RBX=0x00007cc8319f9920, RCX=0x0000000000000002, RDX=0x0000000000000000
RSP=0x00007cc8319f97f0, RBP=0x00007cc8319f9860, RSI=0x0000000000000000, RDI=0x00007cc8319f9870
R8 =0x00007cc82141841d, R9 =0x00007cc831c93000, R10=0x00007cc8331dc160, R11=0x00007cc8216871c0
R12=0x00007cc8319f9920, R13=0x00007cc8319f9870, R14=0x00007cc8319f9950, R15=0x00007cc82c01a820
RIP=0x00007cc832c35d78, EFLAGS=0x0000000000010206, CSGSFS=0x002b000000000033, ERR=0x0000000000000004
  TRAPNO=0x000000000000000e

XMM[0]=0x00007cc8319f9a10 0x00007cc8319f9a68
XMM[1]=0x00007cc82c01a870 0x00007cc82c01a860
XMM[2]=0x0000000000000000 0x00007cc82141841d
XMM[3]=0x0000000000000000 0x00007cc82199a0b4
XMM[4]=0x0000000000000000 0x00007cc8319f8949
XMM[5]=0x0000000000000000 0x0000000028c00acd
XMM[6]=0x0000000000000000 0x00007cc7bc84a6b8
XMM[7]=0x0000000000000000 0x00007cc7bc84a6b8
XMM[8]=0x76616a4c293b726f 0x7475626972746e6f
XMM[9]=0x0000000000000000 0x0000000000000000
XMM[10]=0x0000000000000000 0x3f3f3f3f3f3f3f3f
XMM[11]=0x0000000000000000 0x9999999999999999
XMM[12]=0x0000000000000000 0x2020202020202020
XMM[13]=0x0000000000000000 0x12835b01d807aa98
XMM[14]=0x0000000000000000 0x59f111f13956c25b
XMM[15]=0x0000000000000000 0x0000000000000000
  MXCSR=0x00001fa0


Register to memory mapping:

RAX=0x00007cc8331ca500: <offset 0x00000000013ca500> in /usr/lib/jvm/java-17-openjdk-amd64/lib/server/libjvm.so at 0x00007cc831e00000
RBX=0x00007cc8319f9920 is pointing into the stack for thread: 0x00007cc82c01a260
RCX=0x0000000000000002 is an unknown value
RDX=0x0 is NULL
RSP=0x00007cc8319f97f0 is pointing into the stack for thread: 0x00007cc82c01a260
RBP=0x00007cc8319f9860 is pointing into the stack for thread: 0x00007cc82c01a260
RSI=0x0 is NULL
RDI=0x00007cc8319f9870 is pointing into the stack for thread: 0x00007cc82c01a260
R8 =0x00007cc82141841d is at code_begin+93 in an Interpreter codelet
invokevirtual  182 invokevirtual  [0x00007cc8214183c0, 0x00007cc821418540]  384 bytes
R9 =0x00007cc831c93000 points into unknown readable memory: 0x0100050403020100 | 00 01 02 03 04 05 00 01
R10=0x00007cc8331dc160: <offset 0x00000000013dc160> in /usr/lib/jvm/java-17-openjdk-amd64/lib/server/libjvm.so at 0x00007cc831e00000
R11=0x00007cc8216871c0 is at entry_point+32 in (nmethod*)0x00007cc821687010
Compiled method (c1) 5848  637       1       java.util.ArrayList$Itr::hasNext (20 bytes)
 total in heap  [0x00007cc821687010,0x00007cc8216872f0] = 736
 relocation     [0x00007cc821687170,0x00007cc821687198] = 40
 main code      [0x00007cc8216871a0,0x00007cc821687260] = 192
 stub code      [0x00007cc821687260,0x00007cc821687290] = 48
 metadata       [0x00007cc821687290,0x00007cc821687298] = 8
 scopes data    [0x00007cc821687298,0x00007cc8216872a8] = 16
 scopes pcs     [0x00007cc8216872a8,0x00007cc8216872d8] = 48
 dependencies   [0x00007cc8216872d8,0x00007cc8216872e0] = 8
 nul chk table  [0x00007cc8216872e0,0x00007cc8216872f0] = 16
R12=0x00007cc8319f9920 is pointing into the stack for thread: 0x00007cc82c01a260
R13=0x00007cc8319f9870 is pointing into the stack for thread: 0x00007cc82c01a260
R14=0x00007cc8319f9950 is pointing into the stack for thread: 0x00007cc82c01a260
R15=0x00007cc82c01a820 points into unknown readable memory: 0x00007cc800000002 | 02 00 00 00 c8 7c 00 00


Top of Stack: (sp=0x00007cc8319f97f0)
0x00007cc8319f97f0:   00007cc82c01aca0 00007cc7bb1bdef0
0x00007cc8319f9800:   00007cc8319f9960 00007cc82c01a260
0x00007cc8319f9810:   00007cc8319f98b0 00007cc8328e97fb
0x00007cc8319f9820:   00007cc8319f9960 00007cc7bb1bdef0
0x00007cc8319f9830:   0000000000000000 00007cc8319f9920
0x00007cc8319f9840:   00007cc8319f9920 00000000000000b6
0x00007cc8319f9850:   00007cc8319f9950 00007cc82c01a820
0x00007cc8319f9860:   00007cc8319f98a0 00007cc8324eb139
0x00007cc8319f9870:   0000000000000000 00007cc800000063
0x00007cc8319f9880:   0000000000000000 00007cc800000000
0x00007cc8319f9890:   00007cc82c01a260 00007cc82c01a260
0x00007cc8319f98a0:   00007cc8319f99c0 00007cc832659197
0x00007cc8319f98b0:   00007cc8319f99d0 00000000000003d8
0x00007cc8319f98c0:   00007cc82c01a860 00007cc82c01a870
0x00007cc8319f98d0:   00007cc82c01ac48 00007cc82c01a870
0x00007cc8319f98e0:   00007cc82c01a860 0000000000000000
0x00007cc8319f98f0:   00007cc8319f9900 00007cc8319f9920
0x00007cc8319f9900:   00007cc7b9fdc028 00007cc82c01a260
0x00007cc8319f9910:   00007cc7b9fddea0 00007cc82c01a260
0x00007cc8319f9920:   00007cc8319f9a10 00007cc82141841d
0x00007cc8319f9930:   00007cc821408b10 00007cc700000000
0x00007cc8319f9940:   00007cc8319f9a68 00007cc8319f9a10
0x00007cc8319f9950:   00007cc7b9fdde07 00007cc8000000b6
0x00007cc8319f9960:   00007cc7b9fddea0 00007cc700000000
0x00007cc8319f9970:   00007cc8319f9a68 00007cc8319f9a10
0x00007cc8319f9980:   00007cc82c01a260 0000000200000002
0x00007cc8319f9990:   0000000000000000 00007cc82c01a260
0x00007cc8319f99a0:   0000000000000000 00007cc7b9fdde07
0x00007cc8319f99b0:   00007cc8319f9ab8 00007cc82c01a260
0x00007cc8319f99c0:   00007cc8319f99f0 00007cc8326595cd
0x00007cc8319f99d0:   00007cc8319f9a00 00007cc8326595cd
0x00007cc8319f99e0:   00007cc7b9fde318 00000000000000b6 

Instructions: (pc=0x00007cc832c35d78)
0x00007cc832c35c78:   89 47 08 4c 3b 71 18 74 0c 4c 89 f7 e8 07 2f 08
0x00007cc832c35c88:   00 45 8b 47 08 48 83 c4 50 44 89 c0 5b 41 5c 41
0x00007cc832c35c98:   5e 41 5f 5d c3 0f 1f 00 83 c0 01 39 c1 7e 79 4c
0x00007cc832c35ca8:   63 d8 4b 8d 3c 19 0f be 37 89 f2 83 ee 42 83 fe
0x00007cc832c35cb8:   19 0f 86 39 ff ff ff 45 31 c0 eb ac 0f 1f 40 00
0x00007cc832c35cc8:   89 ca be 3b 00 00 00 4c 89 4d 98 29 c2 44 89 45
0x00007cc832c35cd8:   a4 48 63 d2 44 89 55 a8 89 4d ac e8 f8 f7 41 ff
0x00007cc832c35ce8:   4c 8b 4d 98 8b 4d ac 48 89 c2 48 8d 40 01 44 8b
0x00007cc832c35cf8:   55 a8 44 8b 45 a4 4c 29 c8 48 85 d2 0f 44 c1 e9
0x00007cc832c35d08:   5a ff ff ff 0f 1f 40 00 80 fa 4c 0f 85 4a ff ff
0x00007cc832c35d18:   ff e9 48 ff ff ff 66 90 41 ba ff ff ff ff e9 9e
0x00007cc832c35d28:   fe ff ff 44 8b 45 c8 e9 3c ff ff ff 90 66 66 2e
0x00007cc832c35d38:   0f 1f 84 00 00 00 00 00 f3 0f 1e fa 55 48 89 e5
0x00007cc832c35d48:   41 57 41 56 41 55 49 89 fd 41 54 53 48 83 ec 48
0x00007cc832c35d58:   48 89 37 48 8d 05 9e 47 59 00 c7 47 08 63 00 00
0x00007cc832c35d68:   00 48 c7 47 10 00 00 00 00 c7 47 18 00 00 00 00
0x00007cc832c35d78:   0f b7 5e 04 48 8d 7d a0 48 89 75 a0 48 89 75 98
0x00007cc832c35d88:   89 5d b0 c7 45 b4 00 00 00 00 48 8b 40 18 48 c7
0x00007cc832c35d98:   45 c8 00 00 00 00 48 89 45 c0 48 8b 05 0f 93 28
0x00007cc832c35da8:   00 c7 45 b8 00 00 00 00 48 89 45 a8 c7 45 bc 01
0x00007cc832c35db8:   00 00 00 e8 d0 fb ff ff 44 8b 45 bc 44 8b 75 b8
0x00007cc832c35dc8:   41 83 f8 03 0f 84 24 01 00 00 48 8b 4d 98 8b 45
0x00007cc832c35dd8:   ac 45 31 e4 45 8d 5e f9 4c 8d 0d 59 64 2a 00 4c
0x00007cc832c35de8:   8d 79 06 44 89 da 83 e2 fb 83 fa 01 41 83 d4 01
0x00007cc832c35df8:   45 89 65 18 39 c3 7e 26 4c 63 d0 4b 8d 3c 17 0f
0x00007cc832c35e08:   be 37 89 f2 40 80 fe 29 74 1e 83 ee 42 83 fe 19
0x00007cc832c35e18:   76 3f 83 c0 01 41 bb f9 ff ff ff eb c6 90 eb fe
0x00007cc832c35e28:   0f 1f 84 00 00 00 00 00 83 c0 01 39 c3 0f 8e ed
0x00007cc832c35e38:   00 00 00 4c 63 d0 4b 8d 3c 17 0f be 37 89 f2 83
0x00007cc832c35e48:   ee 42 83 fe 19 0f 87 cd 00 00 00 41 b8 03 00 00
0x00007cc832c35e58:   00 45 8b 34 b1 41 83 fe 0c 74 55 41 83 fe 0d 75
0x00007cc832c35e68:   3a 39 c3 7e 31 4a 8d 74 11 07 eb 1f 90 66 66 2e 


Stack slot to memory mapping:
stack at sp + 0 slots: 0x00007cc82c01aca0 points into unknown readable memory: 0x0000000734589460 | 60 94 58 34 07 00 00 00
stack at sp + 1 slots: 0x00007cc7bb1bdef0 is a pointer to class: 
java.util.ArrayList$Itr {0x00007cc7bb1bdef0}
 - instance size:     4
 - klass size:        76
 - access:            synchronized 
 - state:             fully_initialized
 - name:              'java/util/ArrayList$Itr'
 - super:             'java/lang/Object'
 - sub:               
 - arrays:            NULL
 - methods:           Array<T>(0x00007cc7bb7ea1f0)
 - method ordering:   Array<T>(0x00007cc7bb7ea300)
 - local interfaces:  Array<T>(0x00007cc7bb7e8b70)
 - trans. interfaces: Array<T>(0x00007cc7bb7e8b70)
 - constants:         constant pool [103] {0x00007cc7bb7e9c18} for 'java/util/ArrayList$Itr' cache=0x00007cc7bb1bf280
 - class loader data:  loader data: 0x00007cc82c13a470 of 'bootstrap'
 - source file:       'ArrayList.java'
 - class annotations:       Array<T>(0x0000000000000000)
 - class type annotations:  Array<T>(0x0000000000000000)
 - field annotations:       Array<T>(0x0000000000000000)
 - field type annotations:  Array<T>(0x0000000000000000)
 - generic signature: 'Ljava/lang/Object;Ljava/util/Iterator<TE;>;'
 - inner classes:     Array<T>(0x00007cc7bb7ea1d8)
 - nest members:     Array<T>(0x00007cc7bb5d7af8)
 - permitted subclasses:     Array<T>(0x00007cc7bb5d7af8)
 - java mirror:       a 'java/lang/Class'{0x00000007ffd13bc0} = 'java/util/ArrayList$Itr'
 - vtable length      9  (start addr: 0x00007cc7bb1be0c0)
 - itable length      8 (start addr: 0x00007cc7bb1be108)
 - ---- static fields (0 words):
 - ---- non-static fields (4 words):
 - 'cursor' 'I' @12 
 - 'lastRet' 'I' @16 
 - 'expectedModCount' 'I' @20 
 - final synthetic 'this$0' 'Ljava/util/ArrayList;' @24 
 - non-static oop maps: 24-24 
stack at sp + 2 slots: 0x00007cc8319f9960 is pointing into the stack for thread: 0x00007cc82c01a260
stack at sp + 3 slots: 0x00007cc82c01a260 is a thread
stack at sp + 4 slots: 0x00007cc8319f98b0 is pointing into the stack for thread: 0x00007cc82c01a260
stack at sp + 5 slots: 0x00007cc8328e97fb: <offset 0x0000000000ae97fb> in /usr/lib/jvm/java-17-openjdk-amd64/lib/server/libjvm.so at 0x00007cc831e00000
stack at sp + 6 slots: 0x00007cc8319f9960 is pointing into the stack for thread: 0x00007cc82c01a260
stack at sp + 7 slots: 0x00007cc7bb1bdef0 is a pointer to class: 
java.util.ArrayList$Itr {0x00007cc7bb1bdef0}
 - instance size:     4
 - klass size:        76
 - access:            synchronized 
 - state:             fully_initialized
 - name:              'java/util/ArrayList$Itr'
 - super:             'java/lang/Object'
 - sub:               
 - arrays:            NULL
 - methods:           Array<T>(0x00007cc7bb7ea1f0)
 - method ordering:   Array<T>(0x00007cc7bb7ea300)
 - local interfaces:  Array<T>(0x00007cc7bb7e8b70)
 - trans. interfaces: Array<T>(0x00007cc7bb7e8b70)
 - constants:         constant pool [103] {0x00007cc7bb7e9c18} for 'java/util/ArrayList$Itr' cache=0x00007cc7bb1bf280
 - class loader data:  loader data: 0x00007cc82c13a470 of 'bootstrap'
 - source file:       'ArrayList.java'
 - class annotations:       Array<T>(0x0000000000000000)
 - class type annotations:  Array<T>(0x0000000000000000)
 - field annotations:       Array<T>(0x0000000000000000)
 - field type annotations:  Array<T>(0x0000000000000000)
 - generic signature: 'Ljava/lang/Object;Ljava/util/Iterator<TE;>;'
 - inner classes:     Array<T>(0x00007cc7bb7ea1d8)
 - nest members:     Array<T>(0x00007cc7bb5d7af8)
 - permitted subclasses:     Array<T>(0x00007cc7bb5d7af8)
 - java mirror:       a 'java/lang/Class'{0x00000007ffd13bc0} = 'java/util/ArrayList$Itr'
 - vtable length      9  (start addr: 0x00007cc7bb1be0c0)
 - itable length      8 (start addr: 0x00007cc7bb1be108)
 - ---- static fields (0 words):
 - ---- non-static fields (4 words):
 - 'cursor' 'I' @12 
 - 'lastRet' 'I' @16 
 - 'expectedModCount' 'I' @20 
 - final synthetic 'this$0' 'Ljava/util/ArrayList;' @24 
 - non-static oop maps: 24-24 


Compiled method (c1) 5852 3103   !   1       org.springframework.beans.factory.support.AbstractBeanFactory::doGetBean (787 bytes)
 total in heap  [0x00007cc821b7f410,0x00007cc821b84fe8] = 23512
 relocation     [0x00007cc821b7f570,0x00007cc821b7fb28] = 1464
 main code      [0x00007cc821b7fb40,0x00007cc821b81ce0] = 8608
 stub code      [0x00007cc821b81ce0,0x00007cc821b82220] = 1344
 oops           [0x00007cc821b82220,0x00007cc821b82260] = 64
 metadata       [0x00007cc821b82260,0x00007cc821b82460] = 512
 scopes data    [0x00007cc821b82460,0x00007cc821b835d8] = 4472
 scopes pcs     [0x00007cc821b835d8,0x00007cc821b83fe8] = 2576
 dependencies   [0x00007cc821b83fe8,0x00007cc821b840c0] = 216
 handler table  [0x00007cc821b840c0,0x00007cc821b84ef8] = 3640
 nul chk table  [0x00007cc821b84ef8,0x00007cc821b84fe8] = 240

[Constant Pool (empty)]

[MachCode]
[Entry Point]
  # {method} {0x00007cc7b7996d00} 'doGetBean' '(Ljava/lang/String;Ljava/lang/Class;[Ljava/lang/Object;Z)Ljava/lang/Object;' in 'org/springframework/beans/factory/support/AbstractBeanFactory'
  # this:     rsi:rsi   = 'org/springframework/beans/factory/support/AbstractBeanFactory'
  # parm0:    rdx:rdx   = 'java/lang/String'
  # parm1:    rcx:rcx   = 'java/lang/Class'
  # parm2:    r8:r8     = '[Ljava/lang/Object;'
  # parm3:    r9        = boolean
  #           [sp+0x270]  (sp of caller)
  0x00007cc821b7fb40: 448b 5608 | 49bb 0000 | 00bb c77c | 0000 4d03 | d34c 3bd0 

  0x00007cc821b7fb54: ;   {runtime_call ic_miss_stub}
  0x00007cc821b7fb54: 0f85 2612 | 8dff 660f | 1f44 0000 
[Verified Entry Point]
  0x00007cc821b7fb60: 8984 2400 | c0fe ff55 | 4881 ec60 | 0200 0048 | 89b4 24d0 | 0000 0048 | 8994 24f0 | 0000 0048 
  0x00007cc821b7fb80: 898c 24e8 | 0000 004c | 8984 24d8 | 0000 0044 | 898c 24e0 | 0000 0048 | 8bf2 0f1f 

  0x00007cc821b7fb9c: ;   {static_call}
  0x00007cc821b7fb9c: 4400 00e8 

  0x00007cc821b7fba0: ; ImmutableOopMap {[208]=Oop [232]=Oop [216]=Oop [240]=Oop }
                      ;*invokestatic transformedBeanName {reexecute=0 rethrow=0 return_oop=0}
                      ; - org.springframework.beans.factory.support.AbstractBeanFactory::transformedBeanName@2 (line 1284)
                      ; - org.springframework.beans.factory.support.AbstractBeanFactory::doGetBean@2 (line 246)
  0x00007cc821b7fba0: 5c60 f4ff | e92b 0000 | 000f 1f80 | 0000 0000 | 488b 8424 | f800 0000 | e903 0000 | 0048 8bc2 
  0x00007cc821b7fbc0: 4d8b 9748 

  0x00007cc821b7fbc4: ; ImmutableOopMap {[232]=Oop [216]=Oop [240]=Oop [208]=Oop rdx=Oop rax=Oop }
                      ;*ifnonnull {reexecute=1 rethrow=0 return_oop=0}
                      ; - (reexecute) org.springframework.core.SimpleAliasRegistry::canonicalName@23 (line 234)
                      ; - org.springframework.beans.factory.support.AbstractBeanFactory::transformedBeanName@5 (line 1284)
                      ; - org.springframework.beans.factory.support.AbstractBeanFactory::doGetBean@2 (line 246)
                      ;   {poll}
  0x00007cc821b7fbc4: 0300 0041 | 8502 4883 | fa00 0f84 | 7400 0000 | 488b b424 | d000 0000 | 8b7e 1048 | c1e7 0348 
  0x00007cc821b7fbe4: 8bd0 488b | f748 8984 | 24f8 0000 | 000f 1f40 | 0048 b860 | e600 bbc7 

  0x00007cc821b7fbfc: ;   {virtual_call}
  0x00007cc821b7fbfc: 7c00 00e8 

  0x00007cc821b7fc00: ; ImmutableOopMap {[232]=Oop [216]=Oop [240]=Oop [208]=Oop [248]=Oop }
                      ;*invokeinterface get {reexecute=0 rethrow=0 return_oop=0}
                      ; - org.springframework.core.SimpleAliasRegistry::canonicalName@7 (line 229)
                      ; - org.springframework.beans.factory.support.AbstractBeanFactory::transformedBeanName@5 (line 1284)
                      ; - org.springframework.beans.factory.support.AbstractBeanFactory::doGetBean@2 (line 246)
  0x00007cc821b7fc00: 9ccc a5ff | 4883 f800 | 0f84 2800 

  0x00007cc821b7fc0c: ;   {metadata('java/lang/String')}
  0x00007cc821b7fc0c: 0000 48bf | 10ec 00bb | c77c 0000 | 8b48 0849 | ba00 0000 | bbc7 7c00 | 0049 03ca | 483b f90f 
  0x00007cc821b7fc2c: 8548 1b00 | 00e9 0000 | 0000 488b | d048 83fa | 000f 846d | ffff ffe9 | 75ff ffff | 488b d0b9 
  0x00007cc821b7fc4c: 0100 0000 | 488b b424 | d000 0000 | 4889 8424 | 0001 0000 | 0f1f 8000 

  0x00007cc821b7fc64: ;   {optimized virtual_call}
  0x00007cc821b7fc64: 0000 00e8 

  0x00007cc821b7fc68: ; ImmutableOopMap {[232]=Oop [216]=Oop [240]=Oop [208]=Oop [256]=Oop }
                      ;*invokevirtual getSingleton {reexecute=0 rethrow=0 return_oop=0}
                      ; - org.springframework.beans.factory.support.DefaultSingletonBeanRegistry::getSingleton@3 (line 198)
                      ; - org.springframework.beans.factory.support.AbstractBeanFactory::doGetBean@10 (line 250)
  0x00007cc821b7fc68: b470 f4ff | 4883 f800 | 0f84 1200 | 0000 4c8b | 8424 d800 | 0000 4983 | f800 0f84 | 1b0c 0000 
  0x00007cc821b7fc88: 488b 9424 | 0001 0000 | 488b b424 | d000 0000 | 0f1f 8000 

  0x00007cc821b7fc9c: ;   {optimized virtual_call}
  0x00007cc821b7fc9c: 0000 00e8 

  0x00007cc821b7fca0: ; ImmutableOopMap {[232]=Oop [240]=Oop [208]=Oop [256]=Oop [216]=Oop }
                      ;*invokevirtual isPrototypeCurrentlyInCreation {reexecute=0 rethrow=0 return_oop=0}
                      ; - org.springframework.beans.factory.support.AbstractBeanFactory::doGetBean@98 (line 267)
  0x00007cc821b7fca0: dca3 1800 | 83f8 000f | 8584 1500 | 0048 8bb4 | 24d0 0000 | 008b 7e68 | 48c1 e703 | 4889 bc24 
  0x00007cc821b7fcc0: 0801 0000 | 4883 ff00 | 0f84 4a00 | 0000 488b | 8424 0001 | 0000 4883 | f800 0f84 | c414 0000 
  0x00007cc821b7fce0: 8b9e ec00 | 0000 48c1 | e303 488b | d048 8bf3 | 4889 8424 | 0001 0000 | 0f1f 4400 | 0048 b8ff 
  0x00007cc821b7fd00: ffff ffff 

  0x00007cc821b7fd04: ;   {virtual_call}
  0x00007cc821b7fd04: ffff ffe8 

  0x00007cc821b7fd08: ; ImmutableOopMap {[232]=Oop [240]=Oop [216]=Oop [208]=Oop [264]=Oop [256]=Oop }
                      ;*invokeinterface containsKey {reexecute=0 rethrow=0 return_oop=0}
                      ; - org.springframework.beans.factory.support.DefaultListableBeanFactory::containsBeanDefinition@11 (line 419)
                      ; - org.springframework.beans.factory.support.AbstractBeanFactory::doGetBean@128 (line 273)
  0x00007cc821b7fd08: 7416 8dff | 83e0 0183 | f800 0f84 | 080a 0000 | 448b 8c24 | e000 0000 | 4183 f900 | 0f85 1a00 
  0x00007cc821b7fd28: 0000 488b | 9424 0001 | 0000 488b | b424 d000 | 0000 0f1f 

  0x00007cc821b7fd3c: ;   {optimized virtual_call}
  0x00007cc821b7fd3c: 4400 00e8 

  0x00007cc821b7fd40: ; ImmutableOopMap {[232]=Oop [240]=Oop [216]=Oop [208]=Oop [256]=Oop }
                      ;*invokevirtual markBeanAsCreated {reexecute=0 rethrow=0 return_oop=0}
                      ; - org.springframework.beans.factory.support.AbstractBeanFactory::doGetBean@216 (line 293)
  0x00007cc821b7fd40: f11f 0000 | 488b b424 | d000 0000 | 8bbe 9c00 | 0000 48c1 

  0x00007cc821b7fd54: ;   {oop("spring.beans.instantiate"{0x00000007305d27a0})}
  0x00007cc821b7fd54: e703 48ba | a027 5d30 | 0700 0000 | 488b f766 | 9048 b890 | b4d7 2cc8 

  0x00007cc821b7fd6c: ;   {virtual_call}
  0x00007cc821b7fd6c: 7c00 00e8 

  0x00007cc821b7fd70: ; ImmutableOopMap {[240]=Oop [216]=Oop [256]=Oop [208]=Oop [232]=Oop }
                      ;*invokeinterface start {reexecute=0 rethrow=0 return_oop=0}
                      ; - org.springframework.beans.factory.support.AbstractBeanFactory::doGetBean@225 (line 296)
  0x00007cc821b7fd70: b465 8dff | 4889 8424 | 1001 0000 | 4883 f800 | 0f84 2900 

  0x00007cc821b7fd84: ;   {metadata('org/springframework/core/metrics/DefaultApplicationStartup$DefaultStartupStep')}
  0x00007cc821b7fd84: 0000 48bb | 6017 02bc | c77c 0000 | 8b78 0849 | ba00 0000 | bbc7 7c00 | 0049 03fa | 483b 5f38 
  0x00007cc821b7fda4: 0f85 d819 | 0000 e900 | 0000 0048 | 8bd0 483b | 0048 8b8c | 24e8 0000 | 0048 83f9 | 000f 8498 
  0x00007cc821b7fdc4: 0000 0048 | 83f9 000f | 844b 1300 

  0x00007cc821b7fdd0: ;   {oop(a 'java/lang/Class'{0x000000073051f5b0} = 'org/springframework/beans/factory/support/AbstractBeanFactory$$Lambda$377+0x00007cc7bc21ce20')}
  0x00007cc821b7fdd0: 0048 bab0 | f551 3007 

  0x00007cc821b7fdd8: ;   {oop(a 'jdk/internal/misc/Unsafe'{0x000000072fd6dde0})}
  0x00007cc821b7fdd8: 0000 0048 | bee0 ddd6 | 2f07 0000 

  0x00007cc821b7fde4: ;   {optimized virtual_call}
  0x00007cc821b7fde4: 0066 90e8 

  0x00007cc821b7fde8: ; ImmutableOopMap {[240]=Oop [216]=Oop [256]=Oop [208]=Oop [272]=Oop [232]=Oop }
                      ;*invokevirtual allocateInstance {reexecute=0 rethrow=0 return_oop=0}
                      ; - java.lang.invoke.DirectMethodHandle::allocateInstance@12 (line 520)
                      ; - java.lang.invoke.DirectMethodHandle$Holder::newInvokeSpecial@1
                      ; - java.lang.invoke.Invokers$Holder::linkToTargetMethod@5
                      ; - org.springframework.beans.factory.support.AbstractBeanFactory::doGetBean@254 (line 300)
  0x00007cc821b7fde8: f4b2 b2ff | 410f be57 | 3883 fa00 | 0f85 9219 | 0000 488b | 8c24 e800 | 0000 4c8b | d149 c1ea 
  0x00007cc821b7fe08: 0344 8950 | 0c48 8bd0 | 4833 d148 | c1ea 1548 | 83fa 000f | 858f 1900 | 0048 8b84 | 2410 0100 
  0x00007cc821b7fe28: 0048 83f8 | 000f 8429 

  0x00007cc821b7fe30: ;   {metadata('org/springframework/core/metrics/DefaultApplicationStartup$DefaultStartupStep')}
  0x00007cc821b7fe30: 0000 0048 | bb60 1702 | bcc7 7c00 | 008b 7808 | 49ba 0000 | 00bb c77c | 0000 4903 | fa48 3b5f 
  0x00007cc821b7fe50: 380f 8571 | 1900 00e9 | 0000 0000 | 488b d048 | 8b94 2400 | 0100 0048 | 8bb4 24d0 

  0x00007cc821b7fe6c: ;   {optimized virtual_call}
  0x00007cc821b7fe6c: 0000 00e8 

  0x00007cc821b7fe70: ; ImmutableOopMap {[240]=Oop [216]=Oop [256]=Oop [208]=Oop [232]=Oop [272]=Oop }
                      ;*invokevirtual getMergedLocalBeanDefinition {reexecute=0 rethrow=0 return_oop=0}
                      ; - org.springframework.beans.factory.support.AbstractBeanFactory::doGetBean@268 (line 302)
  0x00007cc821b7fe70: 8c81 0200 | 4889 8424 | 1801 0000 | 488b d048 | 8b8c 2400 | 0100 004c | 8b84 24d8 | 0000 0048 
  0x00007cc821b7fe90: 8bb4 24d0 

  0x00007cc821b7fe94: ;   {optimized virtual_call}
  0x00007cc821b7fe94: 0000 00e8 

  0x00007cc821b7fe98: ; ImmutableOopMap {[240]=Oop [216]=Oop [256]=Oop [208]=Oop [232]=Oop [272]=Oop [280]=Oop }
                      ;*invokevirtual checkMergedBeanDefinition {reexecute=0 rethrow=0 return_oop=0}
                      ; - org.springframework.beans.factory.support.AbstractBeanFactory::doGetBean@279 (line 303)
  0x00007cc821b7fe98: d91e 0000 | 488b 8424 | 1801 0000 

  0x00007cc821b7fea4: ; implicit exception: dispatches to 0x00007cc821b817cd
  0x00007cc821b7fea4: 8b78 3848 | c1e7 0348 | 89bc 2430 | 0100 0048 | 83ff 000f | 8474 0100 | 008b 5f0c | 899c 2428 
  0x00007cc821b7fec4: 0100 0041 | b900 0000 | 00e9 3601 | 0000 660f | 1f44 0000 | 4963 d144 | 8b6c 9710 | 49c1 e503 
  0x00007cc821b7fee4: 448b 765c | 49c1 e603 | 488d 9424 | 4002 0000 | 4c8b c04c | 8972 0849 | 8b06 4883 | c801 4889 
  0x00007cc821b7ff04: 02f0 490f | b116 0f84 | 1300 0000 | 482b c448 | 81e0 07f0 | ffff 4889 | 020f 85b9 | 1800 0049 
  0x00007cc821b7ff24: 8bd0 498b | cd4c 8984 | 2400 0100 

  0x00007cc821b7ff30: ;   {oop(NULL)}
  0x00007cc821b7ff30: 0049 b800 | 0000 0000 | 0000 0048 | 8bb4 24d0 | 0000 004c | 89b4 2438 | 0100 0044 | 898c 24e4 
  0x00007cc821b7ff50: 0000 004c | 89ac 2420 | 0100 000f 

  0x00007cc821b7ff5c: ;   {optimized virtual_call}
  0x00007cc821b7ff5c: 1f40 00e8 

  0x00007cc821b7ff60: ; ImmutableOopMap {[240]=Oop [216]=Oop [232]=Oop [272]=Oop [208]=Oop [256]=Oop [312]=Oop [288]=Oop [280]=Oop [304]=Oop [584]=Oop }
                      ;*invokevirtual isDependent {reexecute=0 rethrow=0 return_oop=0}
                      ; - org.springframework.beans.factory.support.DefaultSingletonBeanRegistry::isDependent@11 (line 629)
                      ; - org.springframework.beans.factory.support.AbstractBeanFactory::doGetBean@325 (line 309)
  0x00007cc821b7ff60: 211e 0000 | 488b d048 | 8d84 2440 | 0200 0048 | 8b08 4885 | c90f 840f | 0000 0048 | 8b70 08f0 
  0x00007cc821b7ff80: 480f b10e | 0f85 6518 | 0000 83e2 | 0183 fa00 | 0f85 f206 | 0000 488b | 9424 2001 | 0000 488b 
  0x00007cc821b7ffa0: 8c24 0001 | 0000 488b | b424 d000 

  0x00007cc821b7ffac: ;   {optimized virtual_call}
  0x00007cc821b7ffac: 0000 90e8 

  0x00007cc821b7ffb0: ; ImmutableOopMap {[240]=Oop [216]=Oop [232]=Oop [272]=Oop [208]=Oop [256]=Oop [288]=Oop [280]=Oop [304]=Oop }
                      ;*invokevirtual registerDependentBean {reexecute=0 rethrow=0 return_oop=0}
                      ; - org.springframework.beans.factory.support.AbstractBeanFactory::doGetBean@360 (line 313)
  0x00007cc821b7ffb0: e11d 0000 | 488b 9424 | 2001 0000 

  0x00007cc821b7ffbc: ;   {oop(NULL)}
  0x00007cc821b7ffbc: 48b9 0000 | 0000 0000 

  0x00007cc821b7ffc4: ;   {oop(NULL)}
  0x00007cc821b7ffc4: 0000 49b8 | 0000 0000 | 0000 0000 | 41b9 0000 | 0000 488b | b424 d000 

  0x00007cc821b7ffdc: ;   {optimized virtual_call}
  0x00007cc821b7ffdc: 0000 90e8 

  0x00007cc821b7ffe0: ; ImmutableOopMap {[240]=Oop [216]=Oop [232]=Oop [272]=Oop [208]=Oop [256]=Oop [288]=Oop [280]=Oop [304]=Oop }
                      ;*invokevirtual doGetBean {reexecute=0 rethrow=0 return_oop=0}
                      ; - org.springframework.beans.factory.support.AbstractBeanFactory::getBean@5 (line 202)
                      ; - org.springframework.beans.factory.support.AbstractBeanFactory::doGetBean@366 (line 315)
  0x00007cc821b7ffe0: 7cfb ffff | 448b 8c24 | e400 0000 | 41ff c14d | 8b97 4803 

  0x00007cc821b7fff4: ; ImmutableOopMap {[240]=Oop [216]=Oop [232]=Oop [272]=Oop [208]=Oop [256]=Oop [288]=Oop [280]=Oop [304]=Oop }
                      ;*goto {reexecute=1 rethrow=0 return_oop=0}
                      ; - (reexecute) org.springframework.beans.factory.support.AbstractBeanFactory::doGetBean@451 (line 308)
                      ;   {poll}
  0x00007cc821b7fff4: 0000 4185 | 028b 9c24 | 2801 0000 | 488b bc24 | 3001 0000 | 488b 8424 | 0001 0000 | 488b b424 
  0x00007cc821b80014: d000 0000 | 443b cb0f | 8cb7 feff | ff48 8984 | 2400 0100 | 0048 8b84 | 2418 0100 | 008b 5030 
  0x00007cc821b80034: 48c1 e203 

  0x00007cc821b80038: ;   {oop("singleton"{0x00000007300b3568})}
  0x00007cc821b80038: 48be 6835 | 0b30 0700 | 0000 0f1f 

  0x00007cc821b80044: ;   {optimized virtual_call}
  0x00007cc821b80044: 4400 00e8 

  0x00007cc821b80048: ; ImmutableOopMap {[240]=Oop [216]=Oop [232]=Oop [272]=Oop [208]=Oop [256]=Oop [280]=Oop }
                      ;*invokevirtual equals {reexecute=0 rethrow=0 return_oop=0}
                      ; - org.springframework.beans.factory.support.AbstractBeanDefinition::isSingleton@7 (line 548)
                      ; - org.springframework.beans.factory.support.AbstractBeanFactory::doGetBean@456 (line 336)
  0x00007cc821b80048: 94d6 97ff | 83f8 000f | 8537 0000 | 0048 8b84 | 2418 0100 | 008b 5030 | 48c1 e203 

  0x00007cc821b80064: ;   {oop(""{0x00000007ffe00010})}
  0x00007cc821b80064: 48be 1000 | e0ff 0700 

  0x00007cc821b8006c: ;   {optimized virtual_call}
  0x00007cc821b8006c: 0000 90e8 

  0x00007cc821b80070: ; ImmutableOopMap {[240]=Oop [216]=Oop [232]=Oop [272]=Oop [208]=Oop [256]=Oop [280]=Oop }
                      ;*invokevirtual equals {reexecute=0 rethrow=0 return_oop=0}
                      ; - org.springframework.beans.factory.support.AbstractBeanDefinition::isSingleton@19 (line 548)
                      ; - org.springframework.beans.factory.support.AbstractBeanFactory::doGetBean@456 (line 336)
  0x00007cc821b80070: 0c10 8dff | 83f8 00ba | 0000 0000 | 0f84 0500 | 0000 ba01 | 0000 00e9 | 0500 0000 | ba01 0000 
  0x00007cc821b80090: 0083 e201 | 83fa 000f | 84c4 0100 

  0x00007cc821b8009c: ;   {oop(a 'java/lang/Class'{0x0000000730521290} = 'org/springframework/beans/factory/support/AbstractBeanFactory$$Lambda$378+0x00007cc7bc21db68')}
  0x00007cc821b8009c: 0048 ba90 | 1252 3007 

  0x00007cc821b800a4: ;   {oop(a 'jdk/internal/misc/Unsafe'{0x000000072fd6dde0})}
  0x00007cc821b800a4: 0000 0048 | bee0 ddd6 | 2f07 0000 | 0066 0f1f 

  0x00007cc821b800b4: ;   {optimized virtual_call}
  0x00007cc821b800b4: 4400 00e8 

  0x00007cc821b800b8: ; ImmutableOopMap {[240]=Oop [232]=Oop [272]=Oop [208]=Oop [216]=Oop [280]=Oop [256]=Oop }
                      ;*invokevirtual allocateInstance {reexecute=0 rethrow=0 return_oop=0}
                      ; - java.lang.invoke.DirectMethodHandle::allocateInstance@12 (line 520)
                      ; - java.lang.invoke.LambdaForm$DMH/0x00007cc7bc088400::newInvokeSpecial@1
                      ; - java.lang.invoke.Invokers$Holder::linkToTargetMethod@9
                      ; - org.springframework.beans.factory.support.AbstractBeanFactory::doGetBean@471 (line 337)
  0x00007cc821b800b8: 24b0 b2ff | 410f be57 | 3883 fa00 | 0f85 3b17 | 0000 488b | b424 d000 | 0000 4c8b | d649 c1ea 
  0x00007cc821b800d8: 0344 8950 | 0c48 8bd0 | 4833 d648 | c1ea 1548 | 83fa 000f | 8538 1700 | 0041 0fbe | 5738 83fa 
  0x00007cc821b800f8: 000f 8542 | 1700 0048 | 8bbc 2400 | 0100 004c | 8bd7 49c1 | ea03 4489 | 5010 488b | d048 33d7 
  0x00007cc821b80118: 48c1 ea15 | 4883 fa00 | 0f85 3a17 | 0000 410f | be57 3883 | fa00 0f85 | 4417 0000 | 488b 9c24 
  0x00007cc821b80138: 1801 0000 | 4c8b d349 | c1ea 0344 | 8950 1448 | 8bd0 4833 | d348 c1ea | 1548 83fa | 000f 853c 
  0x00007cc821b80158: 1700 0041 | 0fbe 5738 | 83fa 000f | 8546 1700 | 004c 8b84 | 24d8 0000 | 004d 8bd0 | 49c1 ea03 
  0x00007cc821b80178: 4489 5018 | 488b d049 | 33d0 48c1 | ea15 4883 | fa00 0f85 | 3e17 0000 | 488b d748 | 8bc8 488b 
  0x00007cc821b80198: c648 8bf0 | 4889 bc24 | 0001 0000 

  0x00007cc821b801a4: ;   {optimized virtual_call}
  0x00007cc821b801a4: 6666 90e8 

  0x00007cc821b801a8: ; ImmutableOopMap {[240]=Oop [232]=Oop [272]=Oop [208]=Oop [280]=Oop [256]=Oop }
                      ;*invokevirtual getSingleton {reexecute=0 rethrow=0 return_oop=0}
                      ; - org.springframework.beans.factory.support.AbstractBeanFactory::doGetBean@476 (line 337)
  0x00007cc821b801a8: 391c 0000 | 488b b424 | d000 0000 | 8bbe bc00 | 0000 48c1 | e703 483b | 0748 8bf7 | 4889 8424 
  0x00007cc821b801c8: 4001 0000 

  0x00007cc821b801cc: ;   {optimized virtual_call}
  0x00007cc821b801cc: 6666 90e8 

  0x00007cc821b801d0: ; ImmutableOopMap {[240]=Oop [232]=Oop [272]=Oop [280]=Oop [256]=Oop [208]=Oop [320]=Oop }
                      ;*invokevirtual get {reexecute=0 rethrow=0 return_oop=0}
                      ; - org.springframework.beans.factory.support.AbstractAutowireCapableBeanFactory::getObjectForBeanInstance@4 (line 1311)
                      ; - org.springframework.beans.factory.support.AbstractBeanFactory::doGetBean@489 (line 349)
  0x00007cc821b801d0: 2c4a e3ff | 4883 f800 | 0f84 2800 

  0x00007cc821b801dc: ;   {metadata('java/lang/String')}
  0x00007cc821b801dc: 0000 48bf | 10ec 00bb | c77c 0000 | 8b50 0849 | ba00 0000 | bbc7 7c00 | 0049 03d2 | 483b fa0f 
  0x00007cc821b801fc: 85ea 1600 | 00e9 0000 | 0000 488b | c848 83f9 | 000f 8419 | 0000 0048 | 8b94 2400 | 0100 0048 
  0x00007cc821b8021c: 8bb4 24d0 | 0000 000f 

  0x00007cc821b80224: ;   {optimized virtual_call}
  0x00007cc821b80224: 1f40 00e8 

  0x00007cc821b80228: ; ImmutableOopMap {[240]=Oop [232]=Oop [272]=Oop [280]=Oop [256]=Oop [208]=Oop [320]=Oop }
                      ;*invokevirtual registerDependentBean {reexecute=0 rethrow=0 return_oop=0}
                      ; - org.springframework.beans.factory.support.AbstractAutowireCapableBeanFactory::getObjectForBeanInstance@21 (line 1313)
                      ; - org.springframework.beans.factory.support.AbstractBeanFactory::doGetBean@489 (line 349)
  0x00007cc821b80228: 540e 8dff | 488b 8424 | 4001 0000 | 488b d048 | 8b8c 24f0 | 0000 004c | 8b84 2400 | 0100 004c 
  0x00007cc821b80248: 8b8c 2418 | 0100 0048 | 8bb4 24d0 

  0x00007cc821b80254: ;   {optimized virtual_call}
  0x00007cc821b80254: 0000 00e8 

  0x00007cc821b80258: ; ImmutableOopMap {[240]=Oop [232]=Oop [272]=Oop [256]=Oop [208]=Oop }
                      ;*invokespecial getObjectForBeanInstance {reexecute=0 rethrow=0 return_oop=0}
                      ; - org.springframework.beans.factory.support.AbstractAutowireCapableBeanFactory::getObjectForBeanInstance@30 (line 1316)
                      ; - org.springframework.beans.factory.support.AbstractBeanFactory::doGetBean@489 (line 349)
  0x00007cc821b80258: a464 f7ff | e94b 0300 | 0048 8b84 | 2418 0100 | 008b 5030 | 48c1 e203 

  0x00007cc821b80270: ;   {oop("prototype"{0x00000007300b3530})}
  0x00007cc821b80270: 48be 3035 | 0b30 0700 | 0000 0f1f 

  0x00007cc821b8027c: ;   {optimized virtual_call}
  0x00007cc821b8027c: 4400 00e8 

  0x00007cc821b80280: ; ImmutableOopMap {[240]=Oop [232]=Oop [272]=Oop [256]=Oop [208]=Oop [216]=Oop [280]=Oop }
                      ;*invokevirtual equals {reexecute=0 rethrow=0 return_oop=0}
                      ; - org.springframework.beans.factory.support.AbstractBeanDefinition::isPrototype@7 (line 557)
                      ; - org.springframework.beans.factory.support.AbstractBeanFactory::doGetBean@499 (line 352)
  0x00007cc821b80280: fc0d 8dff | 83e0 0183 | f800 0f84 | 1101 0000 | 488b b424 | d000 0000 | 488b 9424 | 0001 0000 
  0x00007cc821b802a0: 488b fe48 

  0x00007cc821b802a4: ;   {optimized virtual_call}
  0x00007cc821b802a4: 8bf7 90e8 

  0x00007cc821b802a8: ; ImmutableOopMap {[240]=Oop [232]=Oop [272]=Oop [256]=Oop [216]=Oop [280]=Oop [208]=Oop }
                      ;*invokevirtual beforePrototypeCreation {reexecute=0 rethrow=0 return_oop=0}
                      ; - org.springframework.beans.factory.support.AbstractBeanFactory::doGetBean@511 (line 356)
  0x00007cc821b802a8: d40d 8dff | 488b 9424 | 0001 0000 | 488b 8c24 | 1801 0000 | 4c8b 8424 | d800 0000 | 488b b424 
  0x00007cc821b802c8: d000 0000 

  0x00007cc821b802cc: ;   {optimized virtual_call}
  0x00007cc821b802cc: 6666 90e8 

  0x00007cc821b802d0: ; ImmutableOopMap {[240]=Oop [232]=Oop [272]=Oop [256]=Oop [280]=Oop [208]=Oop }
                      ;*invokevirtual createBean {reexecute=0 rethrow=0 return_oop=0}
                      ; - org.springframework.beans.factory.support.AbstractBeanFactory::doGetBean@520 (line 357)
  0x00007cc821b802d0: ac0d 8dff | 488b 9424 | 0001 0000 | 488b b424 | d000 0000 | 4889 8424 | 4801 0000 

  0x00007cc821b802ec: ;   {optimized virtual_call}
  0x00007cc821b802ec: 6666 90e8 

  0x00007cc821b802f0: ; ImmutableOopMap {[240]=Oop [232]=Oop [272]=Oop [256]=Oop [280]=Oop [208]=Oop [328]=Oop }
                      ;*invokevirtual afterPrototypeCreation {reexecute=0 rethrow=0 return_oop=0}
                      ; - org.springframework.beans.factory.support.AbstractBeanFactory::doGetBean@528 (line 360)
  0x00007cc821b802f0: 8c0d 8dff | 488b b424 | d000 0000 | 8bbe bc00 | 0000 48c1 | e703 483b | 0748 8bf7 

  0x00007cc821b8030c: ;   {optimized virtual_call}
  0x00007cc821b8030c: 6666 90e8 

  0x00007cc821b80310: ; ImmutableOopMap {[240]=Oop [232]=Oop [272]=Oop [256]=Oop [280]=Oop [328]=Oop [208]=Oop }
                      ;*invokevirtual get {reexecute=0 rethrow=0 return_oop=0}
                      ; - org.springframework.beans.factory.support.AbstractAutowireCapableBeanFactory::getObjectForBeanInstance@4 (line 1311)
                      ; - org.springframework.beans.factory.support.AbstractBeanFactory::doGetBean@553 (line 362)
  0x00007cc821b80310: 6c0d 8dff | 4883 f800 | 0f84 2800 

  0x00007cc821b8031c: ;   {metadata('java/lang/String')}
  0x00007cc821b8031c: 0000 48bf | 10ec 00bb | c77c 0000 | 8b50 0849 | ba00 0000 | bbc7 7c00 | 0049 03d2 | 483b fa0f 
  0x00007cc821b8033c: 85b8 1500 | 00e9 0000 | 0000 488b | c848 83f9 | 000f 8419 | 0000 0048 | 8b94 2400 | 0100 0048 
  0x00007cc821b8035c: 8bb4 24d0 | 0000 000f 

  0x00007cc821b80364: ;   {optimized virtual_call}
  0x00007cc821b80364: 1f40 00e8 

  0x00007cc821b80368: ; ImmutableOopMap {[240]=Oop [232]=Oop [272]=Oop [256]=Oop [280]=Oop [328]=Oop [208]=Oop }
                      ;*invokevirtual registerDependentBean {reexecute=0 rethrow=0 return_oop=0}
                      ; - org.springframework.beans.factory.support.AbstractAutowireCapableBeanFactory::getObjectForBeanInstance@21 (line 1313)
                      ; - org.springframework.beans.factory.support.AbstractBeanFactory::doGetBean@553 (line 362)
  0x00007cc821b80368: 140d 8dff | 488b 8424 | 4801 0000 | 488b d048 | 8b8c 24f0 | 0000 004c | 8b84 2400 | 0100 004c 
  0x00007cc821b80388: 8b8c 2418 | 0100 0048 | 8bb4 24d0 

  0x00007cc821b80394: ;   {optimized virtual_call}
  0x00007cc821b80394: 0000 00e8 

  0x00007cc821b80398: ; ImmutableOopMap {[240]=Oop [232]=Oop [272]=Oop [256]=Oop [208]=Oop }
                      ;*invokespecial getObjectForBeanInstance {reexecute=0 rethrow=0 return_oop=0}
                      ; - org.springframework.beans.factory.support.AbstractAutowireCapableBeanFactory::getObjectForBeanInstance@30 (line 1316)
                      ; - org.springframework.beans.factory.support.AbstractBeanFactory::doGetBean@553 (line 362)
  0x00007cc821b80398: e40c 8dff | e90b 0200 | 0048 8b84 | 2418 0100 | 008b 7830 | 48c1 e703 | 4883 ff00 | 0f84 3800 
  0x00007cc821b803b8: 0000 8b57 | 1448 c1e2 | 038b 520c | 83fa 00ba | 0000 0000 | 0f85 0500 | 0000 ba01 | 0000 0083 
  0x00007cc821b803d8: e201 83fa | 00ba 0000 | 0000 0f85 | 0500 0000 | ba01 0000 | 00e9 0500 | 0000 ba00 | 0000 0083 
  0x00007cc821b803f8: e201 83fa | 000f 8471 | 0c00 0048 | 8bb4 24d0 | 0000 008b | 9e98 0000 | 0048 c1e3 | 0348 8bd7 
  0x00007cc821b80418: 488b f348 | 89bc 2450 | 0100 0066 | 9048 b8ff | ffff ffff 

  0x00007cc821b8042c: ;   {virtual_call}
  0x00007cc821b8042c: ffff ffe8 

  0x00007cc821b80430: ; ImmutableOopMap {[240]=Oop [232]=Oop [272]=Oop [256]=Oop [216]=Oop [208]=Oop [280]=Oop [336]=Oop }
                      ;*invokeinterface get {reexecute=0 rethrow=0 return_oop=0}
                      ; - org.springframework.beans.factory.support.AbstractBeanFactory::doGetBean@597 (line 370)
  0x00007cc821b80430: 4c0f 8dff | 4883 f800 | 0f84 4400 

  0x00007cc821b8043c: ;   {metadata('org/springframework/beans/factory/config/Scope')}
  0x00007cc821b8043c: 0000 48b9 | a8f7 19bc | c77c 0000 | 8b50 0849 | ba00 0000 | bbc7 7c00 | 0049 03d2 | 483b 4a20 
  0x00007cc821b8045c: 0f84 2000 | 0000 483b | d10f 8417 | 0000 0052 

  0x00007cc821b8046c: ;   {runtime_call slow_subtype_check Runtime1 stub}
  0x00007cc821b8046c: 51e8 8e23 | 97ff 5a5a | 83fa 000f | 848f 1400 | 00e9 0000 | 0000 488b | f848 83ff | 000f 843d 
  0x00007cc821b8048c: 0b00 0048 | 89bc 2458 | 0100 0048 | 8bb4 24d0 | 0000 0090 

  0x00007cc821b804a0: ;   {no_reloc}
  0x00007cc821b804a0: e97f 1400 | 0090 9090 | 9090 488b | de48 8bf3 | 488b 9424 | 0001 0000 | 488b 8c24 | 1801 0000 
  0x00007cc821b804c0: 4c8b 8424 | d800 0000 | 0f1f 8000 

  0x00007cc821b804cc: ;   {static_call}
  0x00007cc821b804cc: 0000 00e8 

  0x00007cc821b804d0: ; ImmutableOopMap {[240]=Oop [232]=Oop [272]=Oop [256]=Oop [280]=Oop [336]=Oop [208]=Oop [344]=Oop }
                      ;*invokedynamic {reexecute=0 rethrow=0 return_oop=0}
                      ; - org.springframework.beans.factory.support.AbstractBeanFactory::doGetBean@637 (line 375)
  0x00007cc821b804d0: ac11 8dff | 488b 9424 | 0001 0000 | 488b c848 | 8bb4 2458 | 0100 0066 | 0f1f 4400 | 0048 b8ff 
  0x00007cc821b804f0: ffff ffff 

  0x00007cc821b804f4: ;   {virtual_call}
  0x00007cc821b804f4: ffff ffe8 

  0x00007cc821b804f8: ; ImmutableOopMap {[240]=Oop [232]=Oop [272]=Oop [256]=Oop [280]=Oop [336]=Oop [208]=Oop }
                      ;*invokeinterface get {reexecute=0 rethrow=0 return_oop=0}
                      ; - org.springframework.beans.factory.support.AbstractBeanFactory::doGetBean@642 (line 375)
  0x00007cc821b804f8: 840e 8dff | 488b b424 | d000 0000 | 8bbe bc00 | 0000 48c1 | e703 483b | 0748 8bf7 | 4889 8424 
  0x00007cc821b80518: 6001 0000 

  0x00007cc821b8051c: ;   {optimized virtual_call}
  0x00007cc821b8051c: 6666 90e8 

  0x00007cc821b80520: ; ImmutableOopMap {[240]=Oop [232]=Oop [272]=Oop [256]=Oop [280]=Oop [336]=Oop [208]=Oop [352]=Oop }
                      ;*invokevirtual get {reexecute=0 rethrow=0 return_oop=0}
                      ; - org.springframework.beans.factory.support.AbstractAutowireCapableBeanFactory::getObjectForBeanInstance@4 (line 1311)
                      ; - org.springframework.beans.factory.support.AbstractBeanFactory::doGetBean@657 (line 384)
  0x00007cc821b80520: 5c0b 8dff | 4883 f800 | 0f84 2800 

  0x00007cc821b8052c: ;   {metadata('java/lang/String')}
  0x00007cc821b8052c: 0000 48bf | 10ec 00bb | c77c 0000 | 8b50 0849 | ba00 0000 | bbc7 7c00 | 0049 03d2 | 483b fa0f 
  0x00007cc821b8054c: 85e2 1300 | 00e9 0000 | 0000 488b | c848 83f9 | 000f 8419 | 0000 0048 | 8b94 2400 | 0100 0048 
  0x00007cc821b8056c: 8bb4 24d0 | 0000 000f 

  0x00007cc821b80574: ;   {optimized virtual_call}
  0x00007cc821b80574: 1f40 00e8 

  0x00007cc821b80578: ; ImmutableOopMap {[240]=Oop [232]=Oop [272]=Oop [256]=Oop [280]=Oop [336]=Oop [208]=Oop [352]=Oop }
                      ;*invokevirtual registerDependentBean {reexecute=0 rethrow=0 return_oop=0}
                      ; - org.springframework.beans.factory.support.AbstractAutowireCapableBeanFactory::getObjectForBeanInstance@21 (line 1313)
                      ; - org.springframework.beans.factory.support.AbstractBeanFactory::doGetBean@657 (line 384)
  0x00007cc821b80578: 040b 8dff | 488b 8424 | 6001 0000 | 488b d048 | 8b8c 24f0 | 0000 004c | 8b84 2400 | 0100 004c 
  0x00007cc821b80598: 8b8c 2418 | 0100 0048 | 8bb4 24d0 

  0x00007cc821b805a4: ;   {optimized virtual_call}
  0x00007cc821b805a4: 0000 00e8 

  0x00007cc821b805a8: ; ImmutableOopMap {[240]=Oop [232]=Oop [272]=Oop [256]=Oop [336]=Oop [208]=Oop }
                      ;*invokespecial getObjectForBeanInstance {reexecute=0 rethrow=0 return_oop=0}
                      ; - org.springframework.beans.factory.support.AbstractAutowireCapableBeanFactory::getObjectForBeanInstance@30 (line 1316)
                      ; - org.springframework.beans.factory.support.AbstractBeanFactory::doGetBean@657 (line 384)
  0x00007cc821b805a8: d40a 8dff | 488b 9c24 | 1001 0000 | 488b b424 | d000 0000 | 4883 fb00 | 0f84 2900 

  0x00007cc821b805c4: ;   {metadata('org/springframework/core/metrics/DefaultApplicationStartup$DefaultStartupStep')}
  0x00007cc821b805c4: 0000 48b9 | 6017 02bc | c77c 0000 | 8b53 0849 | ba00 0000 | bbc7 7c00 | 0049 03d2 | 483b 4a38 
  0x00007cc821b805e4: 0f85 5213 | 0000 e900 | 0000 0048 | 8bd3 0fbe | 5619 83e2 | 0183 fa00 | 0f85 8a07 | 0000 4889 
  0x00007cc821b80604: 8424 6801 | 0000 8bbe | a000 0000 | 48c1 e703 | 488b 9424 | 0001 0000 | 488b f766 | 0f1f 4400 
  0x00007cc821b80624: 0048 b8ff | ffff ffff 

  0x00007cc821b8062c: ;   {virtual_call}
  0x00007cc821b8062c: ffff ffe8 

  0x00007cc821b80630: ; ImmutableOopMap {[240]=Oop [232]=Oop [256]=Oop [208]=Oop [360]=Oop }
                      ;*invokeinterface get {reexecute=0 rethrow=0 return_oop=0}
                      ; - org.springframework.beans.factory.support.AbstractBeanFactory::clearMergedBeanDefinition@5 (line 1536)
                      ; - org.springframework.beans.factory.support.DefaultListableBeanFactory::clearMergedBeanDefinition@2 (line 993)
                      ; - org.springframework.beans.factory.support.AbstractBeanFactory::doGetBean@698 (line 400)
  0x00007cc821b80630: 4c0d 8dff | 4883 f800 | 0f84 2900 

  0x00007cc821b8063c: ;   {metadata('org/springframework/beans/factory/support/RootBeanDefinition')}
  0x00007cc821b8063c: 0000 48ba | 3099 1abc | c77c 0000 | 8b78 0849 | ba00 0000 | bbc7 7c00 | 0049 03fa | 483b 5750 
  0x00007cc821b8065c: 0f85 df12 | 0000 e900 | 0000 0048 | 8bd0 4883 | fa00 0f84 | de06 0000 | be01 0000 | 0040 8872 
  0x00007cc821b8067c: 2bf0 8344 | 24c0 00e9 | ca06 0000 | 4c8b 8424 | 1801 0000 | 488b 9c24 | 1001 0000 

  0x00007cc821b80698: ;   {metadata('org/springframework/beans/factory/BeanCreationException')}
  0x00007cc821b80698: 48ba 4840 | 1abc c77c | 0000 80ba | 3b01 0000 | 040f 85a5 | 1200 0049 | 8b87 0801 | 0000 488d 
  0x00007cc821b806b8: 7830 493b | bf18 0100 | 000f 878d | 1200 0049 | 89bf 0801 | 0000 48c7 | 0001 0000 | 0048 8bca 
  0x00007cc821b806d8: 49ba 0000 | 00bb c77c | 0000 492b | ca89 4808 | 4833 c989 | 480c 4833 | c948 8948 | 1048 8948 
  0x00007cc821b806f8: 1848 8948 | 2048 8948 | 2848 8984 | 24e0 0100 | 0041 8b70 | 6448 c1e6 | 0348 83fe | 000f 843e 
  0x00007cc821b80718: 0800 00e9 | 2408 0000 | 488b 9424 | f000 0000 | 488b f20f 

  0x00007cc821b8072c: ;   {static_call}
  0x00007cc821b8072c: 1f40 00e8 

  0x00007cc821b80730: ; ImmutableOopMap {[208]=Oop [264]=Oop [216]=Oop [232]=Oop [240]=Oop }
                      ;*invokestatic transformedBeanName {reexecute=0 rethrow=0 return_oop=0}
                      ; - org.springframework.beans.factory.support.AbstractBeanFactory::transformedBeanName@2 (line 1284)
                      ; - org.springframework.beans.factory.support.AbstractBeanFactory::originalBeanName@2 (line 1293)
                      ; - org.springframework.beans.factory.support.AbstractBeanFactory::doGetBean@136 (line 275)
  0x00007cc821b80730: 4c0f 8dff | 488b d048 | 8bb4 24d0 

  0x00007cc821b8073c: ;   {optimized virtual_call}
  0x00007cc821b8073c: 0000 00e8 

  0x00007cc821b80740: ; ImmutableOopMap {[264]=Oop [216]=Oop [232]=Oop [240]=Oop }
                      ;*invokevirtual canonicalName {reexecute=0 rethrow=0 return_oop=0}
                      ; - org.springframework.beans.factory.support.AbstractBeanFactory::transformedBeanName@5 (line 1284)
                      ; - org.springframework.beans.factory.support.AbstractBeanFactory::originalBeanName@2 (line 1293)
                      ; - org.springframework.beans.factory.support.AbstractBeanFactory::doGetBean@136 (line 275)
  0x00007cc821b80740: 3c09 8dff | 488b 9424 | f000 0000 

  0x00007cc821b8074c: ; implicit exception: dispatches to 0x00007cc821b81961
  0x00007cc821b8074c: 8b7a 1448 | c1e7 038b | 770c 83fe | 00bb 0000 | 0000 0f85 | 0500 0000 | bb01 0000 | 0083 e301 
  0x00007cc821b8076c: 83fb 000f | 85af 0000 | 000f be52 | 1083 fa00 | ba00 0000 | 000f 8505 | 0000 00ba | 0100 0000 
  0x00007cc821b8078c: 83e2 0183 | fa00 0f84 | 2700 0000 | 4889 8424 | 7001 0000 | 488b f7ba | 0000 0000 | 0f1f 8000 
  0x00007cc821b807ac: ;   {static_call}
  0x00007cc821b807ac: 0000 00e8 

  0x00007cc821b807b0: ; ImmutableOopMap {[264]=Oop [216]=Oop [232]=Oop [368]=Oop }
                      ;*invokestatic charAt {reexecute=0 rethrow=0 return_oop=0}
                      ; - java.lang.String::charAt@12 (line 1517)
                      ; - org.springframework.beans.factory.support.AbstractBeanFactory::originalBeanName@15 (line 1294)
                      ; - org.springframework.beans.factory.support.AbstractBeanFactory::doGetBean@136 (line 275)
  0x00007cc821b807b0: cc0e 8dff | 81e0 ffff | 0000 e940 | 0000 0048 | 89bc 2478 | 0100 0048 | 8984 2470 | 0100 0048 
  0x00007cc821b807d0: 8bd6 d1fa | be00 0000 | 0066 0f1f 

  0x00007cc821b807dc: ;   {static_call}
  0x00007cc821b807dc: 4400 00e8 

  0x00007cc821b807e0: ; ImmutableOopMap {[264]=Oop [216]=Oop [232]=Oop [368]=Oop [376]=Oop }
                      ;*invokestatic checkIndex {reexecute=0 rethrow=0 return_oop=0}
                      ; - java.lang.StringUTF16::checkIndex@5 (line 1624)
                      ; - java.lang.StringUTF16::charAt@2 (line 1421)
                      ; - java.lang.String::charAt@21 (line 1519)
                      ; - org.springframework.beans.factory.support.AbstractBeanFactory::originalBeanName@15 (line 1294)
                      ; - org.springframework.beans.factory.support.AbstractBeanFactory::doGetBean@136 (line 275)
  0x00007cc821b807e0: 9c0e 8dff | 488b bc24 | 7801 0000 | 0fb7 7710 | 81e6 ffff | 0000 81e6 | ffff 0000 | 488b c683 
  0x00007cc821b80800: f826 488b | 8424 7001 | 0000 0f85 | 1400 0000 

  0x00007cc821b80810: ;   {no_reloc}
  0x00007cc821b80810: e965 1100 | 0090 9090 | 9090 488b 

  0x00007cc821b8081c: ;   {static_call}
  0x00007cc821b8081c: f066 90e8 

  0x00007cc821b80820: ; ImmutableOopMap {[264]=Oop [216]=Oop [232]=Oop }
                      ;*invokedynamic {reexecute=0 rethrow=0 return_oop=0}
                      ; - org.springframework.beans.factory.support.AbstractBeanFactory::originalBeanName@24 (line 1295)
                      ; - org.springframework.beans.factory.support.AbstractBeanFactory::doGetBean@136 (line 275)
  0x00007cc821b80820: 5c0e 8dff | 488b bc24 | 0801 0000 | 4883 ff00 | 0f84 2900 

  0x00007cc821b80834: ;   {metadata('org/springframework/beans/factory/support/AbstractBeanFactory')}
  0x00007cc821b80834: 0000 48b9 | 681b 1abc | c77c 0000 | 8b57 0849 | ba00 0000 | bbc7 7c00 | 0049 03d2 | 483b 4a50 
  0x00007cc821b80854: 0f85 0500 | 0000 e905 | 0000 0048 | 33f6 eb0a | 48be 0100 | 0000 0000 | 0000 83fe | 004c 8b84 
  0x00007cc821b80874: 24d8 0000 | 000f 856b | 0400 0049 | 83f8 000f | 8531 0400 | 0048 8b8c | 24e8 0000 | 0048 83f9 
  0x00007cc821b80894: 0048 8bd0 | 0f84 f403 | 0000 e9be | 0300 0048 | 8984 2480 | 0100 0048 | 8bb4 24d0 | 0000 008b 
  0x00007cc821b808b4: 7e0c 48c1 | e703 488b | f748 b848 | 9b01 bcc7 

  0x00007cc821b808c4: ;   {virtual_call}
  0x00007cc821b808c4: 7c00 00e8 

  0x00007cc821b808c8: ; ImmutableOopMap {[256]=Oop [208]=Oop [240]=Oop [384]=Oop [232]=Oop }
                      ;*invokeinterface isTraceEnabled {reexecute=0 rethrow=0 return_oop=0}
                      ; - org.springframework.beans.factory.support.AbstractBeanFactory::doGetBean@28 (line 252)
  0x00007cc821b808c8: 746a d6ff | 83f8 000f | 84df 0000 | 0048 8bb4 | 24d0 0000 | 008b 7e34 | 48c1 e703 | 488b 9424 
  0x00007cc821b808e8: 0001 0000 | 488b f766 | 0f1f 4400 | 0048 b8ff | ffff ffff 

  0x00007cc821b808fc: ;   {virtual_call}
  0x00007cc821b808fc: ffff ffe8 

  0x00007cc821b80900: ; ImmutableOopMap {[256]=Oop [240]=Oop [384]=Oop [232]=Oop [208]=Oop }
                      ;*invokeinterface contains {reexecute=0 rethrow=0 return_oop=0}
                      ; - org.springframework.beans.factory.support.DefaultSingletonBeanRegistry::isSingletonCurrentlyInCreation@5 (line 533)
                      ; - org.springframework.beans.factory.support.AbstractBeanFactory::doGetBean@39 (line 253)
  0x00007cc821b80900: 7c0a 8dff | 83e0 0183 | f800 488b | b424 d000 | 0000 0f84 | 5100 0000 | 8b7e 0c48 | c1e7 0390 
  0x00007cc821b80920: ;   {no_reloc}
  0x00007cc821b80920: e96e 1000 | 0090 9090 | 9090 488b | b424 0001 | 0000 4889 | bc24 8801 | 0000 0f1f 

  0x00007cc821b8093c: ;   {static_call}
  0x00007cc821b8093c: 4400 00e8 

  0x00007cc821b80940: ; ImmutableOopMap {[256]=Oop [240]=Oop [384]=Oop [232]=Oop [208]=Oop [392]=Oop }
                      ;*invokedynamic {reexecute=0 rethrow=0 return_oop=0}
                      ; - org.springframework.beans.factory.support.AbstractBeanFactory::doGetBean@51 (line 254)
  0x00007cc821b80940: 3c0d 8dff | 488b d048 | 8bb4 2488 | 0100 0066 | 0f1f 4400 | 0048 b8ff | ffff ffff 

  0x00007cc821b8095c: ;   {virtual_call}
  0x00007cc821b8095c: ffff ffe8 

  0x00007cc821b80960: ; ImmutableOopMap {[256]=Oop [240]=Oop [384]=Oop [232]=Oop [208]=Oop }
                      ;*invokeinterface trace {reexecute=0 rethrow=0 return_oop=0}
                      ; - org.springframework.beans.factory.support.AbstractBeanFactory::doGetBean@56 (line 254)
  0x00007cc821b80960: 1c0a 8dff | e94b 0000 | 008b 7e0c | 48c1 e703 

  0x00007cc821b80970: ;   {no_reloc}
  0x00007cc821b80970: e937 1000 | 0090 9090 | 9090 488b | b424 0001 | 0000 4889 | bc24 9001 | 0000 0f1f 

  0x00007cc821b8098c: ;   {static_call}
  0x00007cc821b8098c: 4400 00e8 

  0x00007cc821b80990: ; ImmutableOopMap {[256]=Oop [240]=Oop [384]=Oop [232]=Oop [208]=Oop [400]=Oop }
                      ;*invokedynamic {reexecute=0 rethrow=0 return_oop=0}
                      ; - org.springframework.beans.factory.support.AbstractBeanFactory::doGetBean@70 (line 258)
  0x00007cc821b80990: ec0c 8dff | 488b d048 | 8bb4 2490 | 0100 0066 | 0f1f 4400 | 0048 b8ff | ffff ffff 

  0x00007cc821b809ac: ;   {virtual_call}
  0x00007cc821b809ac: ffff ffe8 

  0x00007cc821b809b0: ; ImmutableOopMap {[256]=Oop [240]=Oop [384]=Oop [232]=Oop [208]=Oop }
                      ;*invokeinterface trace {reexecute=0 rethrow=0 return_oop=0}
                      ; - org.springframework.beans.factory.support.AbstractBeanFactory::doGetBean@75 (line 258)
  0x00007cc821b809b0: cc09 8dff | 488b b424 | d000 0000 | 8bbe bc00 | 0000 48c1 | e703 483b | 0748 8bf7 

  0x00007cc821b809cc: ;   {optimized virtual_call}
  0x00007cc821b809cc: 6666 90e8 

  0x00007cc821b809d0: ; ImmutableOopMap {[256]=Oop [240]=Oop [384]=Oop [232]=Oop [208]=Oop }
                      ;*invokevirtual get {reexecute=0 rethrow=0 return_oop=0}
                      ; - org.springframework.beans.factory.support.AbstractAutowireCapableBeanFactory::getObjectForBeanInstance@4 (line 1311)
                      ; - org.springframework.beans.factory.support.AbstractBeanFactory::doGetBean@87 (line 261)
  0x00007cc821b809d0: 2c42 e3ff | 4883 f800 | 0f84 2800 

  0x00007cc821b809dc: ;   {metadata('java/lang/String')}
  0x00007cc821b809dc: 0000 48bf | 10ec 00bb | c77c 0000 | 8b50 0849 | ba00 0000 | bbc7 7c00 | 0049 03d2 | 483b fa0f 
  0x00007cc821b809fc: 85ba 0f00 | 00e9 0000 | 0000 488b | c848 83f9 | 000f 8412 | 0200 0048 | 8b94 2400 | 0100 0048 
  0x00007cc821b80a1c: 8bb4 24d0 | 0000 000f 

  0x00007cc821b80a24: ;   {optimized virtual_call}
  0x00007cc821b80a24: 1f40 00e8 

  0x00007cc821b80a28: ; ImmutableOopMap {[256]=Oop [240]=Oop [384]=Oop [232]=Oop [208]=Oop }
                      ;*invokevirtual registerDependentBean {reexecute=0 rethrow=0 return_oop=0}
                      ; - org.springframework.beans.factory.support.AbstractAutowireCapableBeanFactory::getObjectForBeanInstance@21 (line 1313)
                      ; - org.springframework.beans.factory.support.AbstractBeanFactory::doGetBean@87 (line 261)
  0x00007cc821b80a28: 5406 8dff | e9f4 0100 | 004c 8b84 | 2418 0100 | 0048 8b9c | 2410 0100 | 0048 8b8c | 24e8 0000 
  0x00007cc821b80a48: 0049 8b87 | d003 0000 | 4d33 d24d | 8997 d003 | 0000 4d33 | d24d 8997 | d803 0000 | 4883 f900 
  0x00007cc821b80a68: 0f84 c604 | 0000 4889 | 8424 9801 

  0x00007cc821b80a74: ;   {metadata('org/springframework/beans/factory/BeanCreationException')}
  0x00007cc821b80a74: 0000 48ba | 4840 1abc | c77c 0000 

  0x00007cc821b80a80: ; implicit exception: dispatches to 0x00007cc821b819c4
  0x00007cc821b80a80: 80ba 3b01 | 0000 040f | 853c 0f00 | 0049 8b87 | 0801 0000 | 488d 7830 | 493b bf18 | 0100 000f 
  0x00007cc821b80aa0: 8724 0f00 | 0049 89bf | 0801 0000 | 48c7 0001 | 0000 0048 | 8bca 49ba | 0000 00bb | c77c 0000 
  0x00007cc821b80ac0: 492b ca89 | 4808 4833 | c989 480c | 4833 c948 | 8948 1048 | 8948 1848 | 8948 2048 | 8948 2848 
  0x00007cc821b80ae0: 8984 24a0 | 0100 0041 | 8b70 6448 | c1e6 0348 | 83fe 000f | 8418 0000 | 000f 1f40 | 0048 b8ff 
  0x00007cc821b80b00: ffff ffff 

  0x00007cc821b80b04: ;   {virtual_call}
  0x00007cc821b80b04: ffff ffe8 

  0x00007cc821b80b08: ; ImmutableOopMap {[256]=Oop [208]=Oop [272]=Oop [416]=Oop [232]=Oop [408]=Oop }
                      ;*invokeinterface getDescription {reexecute=0 rethrow=0 return_oop=0}
                      ; - org.springframework.beans.factory.support.AbstractBeanDefinition::getResourceDescription@11 (line 1240)
                      ; - org.springframework.beans.factory.support.AbstractBeanFactory::doGetBean@413 (line 325)
  0x00007cc821b80b08: 7408 8dff | e90a 0000 

  0x00007cc821b80b10: ;   {oop(NULL)}
  0x00007cc821b80b10: 0048 b800 | 0000 0000 | 0000 0048 | 8984 24a8 | 0100 0048 | 8bb4 2498 | 0100 0066 | 9048 b8ff 
  0x00007cc821b80b30: ffff ffff 

  0x00007cc821b80b34: ;   {virtual_call}
  0x00007cc821b80b34: ffff ffe8 

  0x00007cc821b80b38: ; ImmutableOopMap {[256]=Oop [208]=Oop [272]=Oop [416]=Oop [408]=Oop [424]=Oop [232]=Oop }
                      ;*invokevirtual getBeanName {reexecute=0 rethrow=0 return_oop=0}
                      ; - org.springframework.beans.factory.support.AbstractBeanFactory::doGetBean@420 (line 326)
  0x00007cc821b80b38: 4408 8dff | 4889 8424 | b001 0000 | 488b 8c24 | e800 0000 

  0x00007cc821b80b4c: ; implicit exception: dispatches to 0x00007cc821b819d6
  0x00007cc821b80b4c: 483b 0148 | 8bf1 0f1f 

  0x00007cc821b80b54: ;   {optimized virtual_call}
  0x00007cc821b80b54: 4400 00e8 

  0x00007cc821b80b58: ; ImmutableOopMap {[256]=Oop [208]=Oop [272]=Oop [416]=Oop [408]=Oop [424]=Oop [232]=Oop [432]=Oop }
                      ;*invokevirtual reflectionData {reexecute=0 rethrow=0 return_oop=0}
                      ; - java.lang.Class::getSimpleName@1 (line 1652)
                      ; - org.springframework.beans.factory.support.AbstractBeanFactory::doGetBean@424 (line 327)
  0x00007cc821b80b58: 2405 8dff 

  0x00007cc821b80b5c: ; implicit exception: dispatches to 0x00007cc821b819db
  0x00007cc821b80b5c: 8b50 3448 | c1e2 0348 | 83fa 000f | 8537 0300 | 00e9 e202 | 0000 4c8b | 8424 1801 | 0000 498b 
  0x00007cc821b80b7c: 87d0 0300 | 004d 33d2 | 4d89 97d0 | 0300 004d | 33d2 4d89 | 97d8 0300 | 0048 8984 | 24b8 0100 
  0x00007cc821b80b9c: ;   {metadata('org/springframework/beans/factory/BeanCreationException')}
  0x00007cc821b80b9c: 0048 ba48 | 401a bcc7 | 7c00 0080 | ba3b 0100 | 0004 0f85 | 310e 0000 | 498b 8708 | 0100 0048 
  0x00007cc821b80bbc: 8d78 3049 | 3bbf 1801 | 0000 0f87 | 190e 0000 | 4989 bf08 | 0100 0048 | c700 0100 | 0000 488b 
  0x00007cc821b80bdc: ca49 ba00 | 0000 bbc7 | 7c00 0049 | 2bca 8948 | 0848 33c9 | 8948 0c48 | 33c9 4889 | 4810 4889 
  0x00007cc821b80bfc: 4818 4889 | 4820 4889 | 4828 4889 | 8424 c001 | 0000 418b | 7064 48c1 | e603 4883 | fe00 0f84 
  0x00007cc821b80c1c: b901 0000 | e99d 0100 | 0048 8b84 | 2480 0100 | 0048 8bd0 | 488b 8c24 | f000 0000 | 4c8b 8424 
  0x00007cc821b80c3c: 0001 0000 

  0x00007cc821b80c40: ;   {oop(NULL)}
  0x00007cc821b80c40: 49b9 0000 | 0000 0000 | 0000 488b | b424 d000 | 0000 0f1f 

  0x00007cc821b80c54: ;   {optimized virtual_call}
  0x00007cc821b80c54: 4400 00e8 

  0x00007cc821b80c58: ; ImmutableOopMap {[208]=Oop [240]=Oop [232]=Oop }
                      ;*invokespecial getObjectForBeanInstance {reexecute=0 rethrow=0 return_oop=0}
                      ; - org.springframework.beans.factory.support.AbstractAutowireCapableBeanFactory::getObjectForBeanInstance@30 (line 1316)
                      ; - org.springframework.beans.factory.support.AbstractBeanFactory::doGetBean@87 (line 261)
  0x00007cc821b80c58: a45a f7ff | e92b 0100 | 0048 8b8c | 24e8 0000 | 0048 8bf7 | 9048 b8ff | ffff ffff 

  0x00007cc821b80c74: ;   {virtual_call}
  0x00007cc821b80c74: ffff ffe8 

  0x00007cc821b80c78: ; ImmutableOopMap {}
                      ;*invokeinterface getBean {reexecute=0 rethrow=0 return_oop=0}
                      ; - org.springframework.beans.factory.support.AbstractBeanFactory::doGetBean@192 (line 285)
  0x00007cc821b80c78: 0407 8dff | 4881 c460 | 0200 005d 

  0x00007cc821b80c84: ;   {poll_return}
  0x00007cc821b80c84: 493b a740 | 0300 000f | 8761 0d00 | 00c3 488b | f748 b8ff | ffff ffff 

  0x00007cc821b80c9c: ;   {virtual_call}
  0x00007cc821b80c9c: ffff ffe8 

  0x00007cc821b80ca0: ; ImmutableOopMap {}
                      ;*invokeinterface getBean {reexecute=0 rethrow=0 return_oop=0}
                      ; - org.springframework.beans.factory.support.AbstractBeanFactory::doGetBean@202 (line 288)
  0x00007cc821b80ca0: dc06 8dff | 4881 c460 | 0200 005d 

  0x00007cc821b80cac: ;   {poll_return}
  0x00007cc821b80cac: 493b a740 | 0300 000f | 874f 0d00 | 00c3 488b | d049 8bc8 | 488b f766 | 9048 b8ff | ffff ffff 
  0x00007cc821b80ccc: ;   {virtual_call}
  0x00007cc821b80ccc: ffff ffe8 

  0x00007cc821b80cd0: ; ImmutableOopMap {}
                      ;*invokeinterface getBean {reexecute=0 rethrow=0 return_oop=0}
                      ; - org.springframework.beans.factory.support.AbstractBeanFactory::doGetBean@177 (line 281)
  0x00007cc821b80cd0: ac06 8dff | 4881 c460 | 0200 005d 

  0x00007cc821b80cdc: ;   {poll_return}
  0x00007cc821b80cdc: 493b a740 | 0300 000f | 8735 0d00 | 00c3 4883 | ff00 0f84 | 2900 0000 

  0x00007cc821b80cf4: ;   {metadata('org/springframework/beans/factory/support/AbstractBeanFactory')}
  0x00007cc821b80cf4: 49b9 681b | 1abc c77c | 0000 8b4f | 0849 ba00 | 0000 bbc7 | 7c00 0049 | 03ca 4c3b | 4950 0f85 
  0x00007cc821b80d14: 1c0d 0000 | e900 0000 | 0048 8bf7 

  0x00007cc821b80d20: ; implicit exception: dispatches to 0x00007cc821b81a3d
  0x00007cc821b80d20: 483b 0648 | 8bd0 488b | 8c24 e800 | 0000 448b | 8c24 e000 

  0x00007cc821b80d34: ;   {optimized virtual_call}
  0x00007cc821b80d34: 0000 90e8 

  0x00007cc821b80d38: ; ImmutableOopMap {}
                      ;*invokevirtual doGetBean {reexecute=0 rethrow=0 return_oop=0}
                      ; - org.springframework.beans.factory.support.AbstractBeanFactory::doGetBean@164 (line 277)
  0x00007cc821b80d38: 4403 8dff | 4881 c460 | 0200 005d 

  0x00007cc821b80d44: ;   {poll_return}
  0x00007cc821b80d44: 493b a740 | 0300 000f | 87f1 0c00 | 00c3 488b | b424 d000 | 0000 8bbe | f000 0000 | 48c1 e703 
  0x00007cc821b80d64: 488b 9424 | 0001 0000 | 488b f766 | 0f1f 4400 | 0048 b8ff | ffff ffff 

  0x00007cc821b80d7c: ;   {virtual_call}
  0x00007cc821b80d7c: ffff ffe8 

  0x00007cc821b80d80: ; ImmutableOopMap {[240]=Oop [232]=Oop [208]=Oop [360]=Oop }
                      ;*invokeinterface remove {reexecute=0 rethrow=0 return_oop=0}
                      ; - org.springframework.beans.factory.support.DefaultListableBeanFactory::clearMergedBeanDefinition@10 (line 994)
                      ; - org.springframework.beans.factory.support.AbstractBeanFactory::doGetBean@698 (line 400)
  0x00007cc821b80d80: fc05 8dff | 488b 8424 | 6801 0000 | 488b 9424 | f000 0000 | 488b c84c | 8b84 24e8 | 0000 0048 
  0x00007cc821b80da0: 8bb4 24d0 

  0x00007cc821b80da4: ;   {optimized virtual_call}
  0x00007cc821b80da4: 0000 00e8 

  0x00007cc821b80da8: ; ImmutableOopMap {}
                      ;*invokevirtual adaptBeanInstance {reexecute=0 rethrow=0 return_oop=0}
                      ; - org.springframework.beans.factory.support.AbstractBeanFactory::doGetBean@783 (line 405)
  0x00007cc821b80da8: d467 f7ff | 4881 c460 | 0200 005d 

  0x00007cc821b80db4: ;   {poll_return}
  0x00007cc821b80db4: 493b a740 | 0300 000f | 8797 0c00 | 00c3 6666 | 9048 b8ff | ffff ffff 

  0x00007cc821b80dcc: ;   {virtual_call}
  0x00007cc821b80dcc: ffff ffe8 

  0x00007cc821b80dd0: ; ImmutableOopMap {[272]=Oop [288]=Oop [256]=Oop [208]=Oop [448]=Oop [440]=Oop }
                      ;*invokeinterface getDescription {reexecute=0 rethrow=0 return_oop=0}
                      ; - org.springframework.beans.factory.support.AbstractBeanDefinition::getResourceDescription@11 (line 1240)
                      ; - org.springframework.beans.factory.support.AbstractBeanFactory::doGetBean@381 (line 318)
  0x00007cc821b80dd0: ac05 8dff | e90a 0000 

  0x00007cc821b80dd8: ;   {oop(NULL)}
  0x00007cc821b80dd8: 0048 b800 | 0000 0000 | 0000 0048 | 8984 24c8 | 0100 000f | 1f44 0000 

  0x00007cc821b80df0: ;   {no_reloc}
  0x00007cc821b80df0: e988 0c00 | 0090 9090 | 9090 488b | b424 0001 | 0000 488b | 9424 2001 | 0000 0f1f 

  0x00007cc821b80e0c: ;   {static_call}
  0x00007cc821b80e0c: 4400 00e8 

  0x00007cc821b80e10: ; ImmutableOopMap {[272]=Oop [256]=Oop [208]=Oop [448]=Oop [440]=Oop [456]=Oop }
                      ;*invokedynamic {reexecute=0 rethrow=0 return_oop=0}
                      ; - org.springframework.beans.factory.support.AbstractBeanFactory::doGetBean@390 (line 318)
  0x00007cc821b80e10: 6c08 8dff | 488b 9424 | c801 0000 | 488b 8c24 | 0001 0000 | 4c8b c04c | 8b8c 24b8 | 0100 0048 
  0x00007cc821b80e30: 8bb4 24c0 

  0x00007cc821b80e34: ;   {optimized virtual_call}
  0x00007cc821b80e34: 0100 00e8 

  0x00007cc821b80e38: ; ImmutableOopMap {[272]=Oop [256]=Oop [208]=Oop [448]=Oop }
                      ;*invokespecial <init> {reexecute=0 rethrow=0 return_oop=0}
                      ; - org.springframework.beans.factory.support.AbstractBeanFactory::doGetBean@397 (line 318)
  0x00007cc821b80e38: 4402 8dff | 488b 8424 

  0x00007cc821b80e40: ; ImmutableOopMap {[272]=Oop [256]=Oop [208]=Oop rax=Oop }
                      ;*athrow {reexecute=1 rethrow=0 return_oop=0}
                      ; - (reexecute) org.springframework.beans.factory.support.AbstractBeanFactory::doGetBean@400 (line 318)
  0x00007cc821b80e40: c001 0000 

  0x00007cc821b80e44: ;   {section_word}
  0x00007cc821b80e44: 48ba 440e | b821 c87c 

  0x00007cc821b80e4c: ;   {runtime_call handle_exception_nofpu Runtime1 stub}
  0x00007cc821b80e4c: 0000 e8ad | 0797 ff90 | 4889 8424 | d001 0000 | 488b b424 | e800 0000 

  0x00007cc821b80e64: ;   {optimized virtual_call}
  0x00007cc821b80e64: 6666 90e8 

  0x00007cc821b80e68: ; ImmutableOopMap {[272]=Oop [256]=Oop [208]=Oop [416]=Oop [408]=Oop [424]=Oop [432]=Oop [464]=Oop }
                      ;*invokevirtual getSimpleName0 {reexecute=0 rethrow=0 return_oop=0}
                      ; - java.lang.Class::getSimpleName@16 (line 1655)
                      ; - org.springframework.beans.factory.support.AbstractBeanFactory::doGetBean@424 (line 327)
  0x00007cc821b80e68: 1402 8dff | 410f be77 | 3883 fe00 | 488b b424 | d001 0000 | 0f85 050c | 0000 4c8b | d049 c1ea 
  0x00007cc821b80e88: 0344 8956 | 3448 8bfe | 4833 f848 | c1ef 1548 | 83ff 000f | 8505 0c00 | 0048 8bd0 | 4889 9424 
  0x00007cc821b80ea8: d801 0000 | 488b b424 | 9801 0000 | 9048 b8ff | ffff ffff 

  0x00007cc821b80ebc: ;   {virtual_call}
  0x00007cc821b80ebc: ffff ffe8 

  0x00007cc821b80ec0: ; ImmutableOopMap {[272]=Oop [256]=Oop [208]=Oop [408]=Oop [416]=Oop [424]=Oop [472]=Oop [432]=Oop }
                      ;*invokevirtual getMessage {reexecute=0 rethrow=0 return_oop=0}
                      ; - org.springframework.beans.factory.support.AbstractBeanFactory::doGetBean@431 (line 328)
  0x00007cc821b80ec0: bc04 8dff | 0f1f 4000 

  0x00007cc821b80ec8: ;   {no_reloc}
  0x00007cc821b80ec8: e900 0c00 | 0090 9090 | 9090 488b | b424 b001 | 0000 488b | 9424 d801 | 0000 488b | 8c24 0001 
  0x00007cc821b80ee8: 0000 4c8b 

  0x00007cc821b80eec: ;   {static_call}
  0x00007cc821b80eec: c066 90e8 

  0x00007cc821b80ef0: ; ImmutableOopMap {[272]=Oop [256]=Oop [208]=Oop [408]=Oop [416]=Oop [424]=Oop }
                      ;*invokedynamic {reexecute=0 rethrow=0 return_oop=0}
                      ; - org.springframework.beans.factory.support.AbstractBeanFactory::doGetBean@434 (line 328)
  0x00007cc821b80ef0: 8c07 8dff | 488b 9424 | a801 0000 | 488b 8c24 | 0001 0000 | 4c8b c04c | 8b8c 2498 | 0100 0048 
  0x00007cc821b80f10: 8bb4 24a0 

  0x00007cc821b80f14: ;   {optimized virtual_call}
  0x00007cc821b80f14: 0100 00e8 

  0x00007cc821b80f18: ; ImmutableOopMap {[272]=Oop [256]=Oop [208]=Oop [416]=Oop }
                      ;*invokespecial <init> {reexecute=0 rethrow=0 return_oop=0}
                      ; - org.springframework.beans.factory.support.AbstractBeanFactory::doGetBean@441 (line 328)
  0x00007cc821b80f18: 6401 8dff | 488b 8424 

  0x00007cc821b80f20: ; ImmutableOopMap {[272]=Oop [256]=Oop [208]=Oop rax=Oop }
                      ;*athrow {reexecute=1 rethrow=0 return_oop=0}
                      ; - (reexecute) org.springframework.beans.factory.support.AbstractBeanFactory::doGetBean@444 (line 328)
  0x00007cc821b80f20: a001 0000 

  0x00007cc821b80f24: ;   {section_word}
  0x00007cc821b80f24: 48ba 240f | b821 c87c 

  0x00007cc821b80f2c: ;   {runtime_call handle_exception_nofpu Runtime1 stub}
  0x00007cc821b80f2c: 0000 e8cd 

  0x00007cc821b80f30: ; ImmutableOopMap {[272]=Oop [256]=Oop [208]=Oop rax=Oop }
                      ;*athrow {reexecute=1 rethrow=0 return_oop=0}
                      ; - (reexecute) org.springframework.beans.factory.support.AbstractBeanFactory::doGetBean@447 (line 330)
  0x00007cc821b80f30: 0697 ff90 

  0x00007cc821b80f34: ;   {section_word}
  0x00007cc821b80f34: 48ba 340f | b821 c87c 

  0x00007cc821b80f3c: ;   {runtime_call handle_exception_nofpu Runtime1 stub}
  0x00007cc821b80f3c: 0000 e8bd | 0697 ff90 | 9048 b8ff | ffff ffff 

  0x00007cc821b80f4c: ;   {virtual_call}
  0x00007cc821b80f4c: ffff ffe8 

  0x00007cc821b80f50: ; ImmutableOopMap {[272]=Oop [256]=Oop [208]=Oop [288]=Oop [480]=Oop }
                      ;*invokeinterface getDescription {reexecute=0 rethrow=0 return_oop=0}
                      ; - org.springframework.beans.factory.support.AbstractBeanDefinition::getResourceDescription@11 (line 1240)
                      ; - org.springframework.beans.factory.support.AbstractBeanFactory::doGetBean@337 (line 310)
  0x00007cc821b80f50: 2c04 8dff | e90a 0000 

  0x00007cc821b80f58: ;   {oop(NULL)}
  0x00007cc821b80f58: 0048 b800 | 0000 0000 | 0000 0048 | 8984 24e8 | 0100 000f | 1f44 0000 

  0x00007cc821b80f70: ;   {no_reloc}
  0x00007cc821b80f70: e971 0b00 | 0090 9090 | 9090 488b | b424 0001 | 0000 488b | 9424 2001 | 0000 0f1f 

  0x00007cc821b80f8c: ;   {static_call}
  0x00007cc821b80f8c: 4400 00e8 

  0x00007cc821b80f90: ; ImmutableOopMap {[272]=Oop [256]=Oop [208]=Oop [480]=Oop [488]=Oop }
                      ;*invokedynamic {reexecute=0 rethrow=0 return_oop=0}
                      ; - org.springframework.beans.factory.support.AbstractBeanFactory::doGetBean@346 (line 310)
  0x00007cc821b80f90: ec06 8dff | 488b 9424 | e801 0000 | 488b 8c24 | 0001 0000 | 4c8b c048 | 8bb4 24e0 

  0x00007cc821b80fac: ;   {optimized virtual_call}
  0x00007cc821b80fac: 0100 00e8 

  0x00007cc821b80fb0: ; ImmutableOopMap {[272]=Oop [256]=Oop [208]=Oop [480]=Oop }
                      ;*invokespecial <init> {reexecute=0 rethrow=0 return_oop=0}
                      ; - org.springframework.beans.factory.support.AbstractBeanFactory::doGetBean@351 (line 310)
  0x00007cc821b80fb0: cc00 8dff | 488b 8424 

  0x00007cc821b80fb8: ; ImmutableOopMap {[272]=Oop [256]=Oop [208]=Oop rax=Oop }
                      ;*athrow {reexecute=1 rethrow=0 return_oop=0}
                      ; - (reexecute) org.springframework.beans.factory.support.AbstractBeanFactory::doGetBean@354 (line 310)
  0x00007cc821b80fb8: e001 0000 

  0x00007cc821b80fbc: ;   {section_word}
  0x00007cc821b80fbc: 48ba bc0f | b821 c87c 

  0x00007cc821b80fc4: ;   {runtime_call handle_exception_nofpu Runtime1 stub}
  0x00007cc821b80fc4: 0000 e835 | 0697 ff90 

  0x00007cc821b80fcc: ;   {metadata('java/lang/IllegalStateException')}
  0x00007cc821b80fcc: 48ba 7834 | 04bc c77c | 0000 498b | 8708 0100 | 0048 8d78 | 2849 3bbf | 1801 0000 | 0f87 020b 
  0x00007cc821b80fec: 0000 4989 | bf08 0100 | 0048 c700 | 0100 0000 | 488b ca49 | ba00 0000 | bbc7 7c00 | 0049 2bca 
  0x00007cc821b8100c: 8948 0848 | 33c9 8948 | 0c48 33c9 | 4889 4810 | 4889 4818 | 4889 4820 | 0f1f 4000 

  0x00007cc821b81028: ;   {no_reloc}
  0x00007cc821b81028: e9df 0a00 | 0090 9090 | 9090 488b | b424 5001 | 0000 4889 | 8424 f001 | 0000 0f1f 

  0x00007cc821b81044: ;   {static_call}
  0x00007cc821b81044: 4400 00e8 

  0x00007cc821b81048: ; ImmutableOopMap {[272]=Oop [256]=Oop [208]=Oop [496]=Oop }
                      ;*invokedynamic {reexecute=0 rethrow=0 return_oop=0}
                      ; - org.springframework.beans.factory.support.AbstractBeanFactory::doGetBean@618 (line 372)
  0x00007cc821b81048: 3406 8dff | 488b d048 | 8bb4 24f0 

  0x00007cc821b81054: ;   {optimized virtual_call}
  0x00007cc821b81054: 0100 00e8 

  0x00007cc821b81058: ; ImmutableOopMap {[272]=Oop [256]=Oop [208]=Oop [496]=Oop }
                      ;*invokespecial <init> {reexecute=0 rethrow=0 return_oop=0}
                      ; - org.springframework.beans.factory.support.AbstractBeanFactory::doGetBean@623 (line 372)
  0x00007cc821b81058: 2400 8dff | 488b 8424 

  0x00007cc821b81060: ; ImmutableOopMap {[272]=Oop [256]=Oop [208]=Oop rax=Oop }
                      ;*athrow {reexecute=1 rethrow=0 return_oop=0}
                      ; - (reexecute) org.springframework.beans.factory.support.AbstractBeanFactory::doGetBean@626 (line 372)
  0x00007cc821b81060: f001 0000 

  0x00007cc821b81064: ;   {section_word}
  0x00007cc821b81064: 48ba 6410 | b821 c87c 

  0x00007cc821b8106c: ;   {runtime_call handle_exception_nofpu Runtime1 stub}
  0x00007cc821b8106c: 0000 e88d | 0597 ff90 

  0x00007cc821b81074: ;   {metadata('java/lang/IllegalStateException')}
  0x00007cc821b81074: 48ba 7834 | 04bc c77c | 0000 498b | 8708 0100 | 0048 8d78 | 2849 3bbf | 1801 0000 | 0f87 800a 
  0x00007cc821b81094: 0000 4989 | bf08 0100 | 0048 c700 | 0100 0000 | 488b ca49 | ba00 0000 | bbc7 7c00 | 0049 2bca 
  0x00007cc821b810b4: 8948 0848 | 33c9 8948 | 0c48 33c9 | 4889 4810 | 4889 4818 | 4889 4820 | 0f1f 4000 

  0x00007cc821b810d0: ;   {no_reloc}
  0x00007cc821b810d0: e95d 0a00 | 0090 9090 | 9090 488b | b424 0001 | 0000 4889 | 8424 f801 | 0000 0f1f 

  0x00007cc821b810ec: ;   {static_call}
  0x00007cc821b810ec: 4400 00e8 

  0x00007cc821b810f0: ; ImmutableOopMap {[272]=Oop [256]=Oop [208]=Oop [504]=Oop }
                      ;*invokedynamic {reexecute=0 rethrow=0 return_oop=0}
                      ; - org.springframework.beans.factory.support.AbstractBeanFactory::doGetBean@582 (line 368)
  0x00007cc821b810f0: 8c05 8dff | 488b d048 | 8bb4 24f8 

  0x00007cc821b810fc: ;   {optimized virtual_call}
  0x00007cc821b810fc: 0100 00e8 

  0x00007cc821b81100: ; ImmutableOopMap {[272]=Oop [256]=Oop [208]=Oop [504]=Oop }
                      ;*invokespecial <init> {reexecute=0 rethrow=0 return_oop=0}
                      ; - org.springframework.beans.factory.support.AbstractBeanFactory::doGetBean@587 (line 368)
  0x00007cc821b81100: 7cff 8cff | 488b 8424 

  0x00007cc821b81108: ; ImmutableOopMap {[272]=Oop [256]=Oop [208]=Oop rax=Oop }
                      ;*athrow {reexecute=1 rethrow=0 return_oop=0}
                      ; - (reexecute) org.springframework.beans.factory.support.AbstractBeanFactory::doGetBean@590 (line 368)
  0x00007cc821b81108: f801 0000 

  0x00007cc821b8110c: ;   {section_word}
  0x00007cc821b8110c: 48ba 0c11 | b821 c87c 

  0x00007cc821b81114: ;   {runtime_call handle_exception_nofpu Runtime1 stub}
  0x00007cc821b81114: 0000 e8e5 | 0497 ff90 

  0x00007cc821b8111c: ;   {metadata('java/lang/NullPointerException')}
  0x00007cc821b8111c: 48ba d8c1 | 07bb c77c | 0000 498b | 8708 0100 | 0048 8d78 | 3049 3bbf | 1801 0000 | 0f87 fe09 
  0x00007cc821b8113c: 0000 4989 | bf08 0100 | 0048 c700 | 0100 0000 | 488b ca49 | ba00 0000 | bbc7 7c00 | 0049 2bca 
  0x00007cc821b8115c: 8948 0848 | 33c9 8948 | 0c48 33c9 | 4889 4810 | 4889 4818 | 4889 4820 | 4889 4828 | 488b f048 
  0x00007cc821b8117c: 8984 2400 | 0200 000f 

  0x00007cc821b81184: ;   {optimized virtual_call}
  0x00007cc821b81184: 1f40 00e8 

  0x00007cc821b81188: ; ImmutableOopMap {[272]=Oop [256]=Oop [208]=Oop [240]=Oop [232]=Oop [512]=Oop [216]=Oop }
                      ;*invokespecial <init> {reexecute=0 rethrow=0 return_oop=0}
                      ; - java.util.Objects::requireNonNull@8 (line 209)
                      ; - org.springframework.beans.factory.support.AbstractBeanFactory::doGetBean@250 (line 300)
  0x00007cc821b81188: f4fe 8cff | 488b 8424 

  0x00007cc821b81190: ; ImmutableOopMap {[272]=Oop [256]=Oop [208]=Oop [240]=Oop [232]=Oop [216]=Oop rax=Oop }
                      ;*athrow {reexecute=1 rethrow=0 return_oop=0}
                      ; - (reexecute) java.util.Objects::requireNonNull@11 (line 209)
                      ; - org.springframework.beans.factory.support.AbstractBeanFactory::doGetBean@250 (line 300)
  0x00007cc821b81190: 0002 0000 

  0x00007cc821b81194: ;   {section_word}
  0x00007cc821b81194: 48ba 9411 | b821 c87c 

  0x00007cc821b8119c: ;   {runtime_call handle_exception_nofpu Runtime1 stub}
  0x00007cc821b8119c: 0000 e85d | 0497 ff90 | 4889 8424 | 0001 0000 

  0x00007cc821b811ac: ;   {metadata('java/lang/IllegalArgumentException')}
  0x00007cc821b811ac: 48ba d89c | 04bb c77c | 0000 498b | 8708 0100 | 0048 8d78 | 2849 3bbf | 1801 0000 | 0f87 7b09 
  0x00007cc821b811cc: 0000 4989 | bf08 0100 | 0048 c700 | 0100 0000 | 488b ca49 | ba00 0000 | bbc7 7c00 | 0049 2bca 
  0x00007cc821b811ec: 8948 0848 | 33c9 8948 | 0c48 33c9 | 4889 4810 | 4889 4818 | 4889 4820 

  0x00007cc821b81204: ;   {oop("Bean name must not be null"{0x0000000730500450})}
  0x00007cc821b81204: 48ba 5004 | 5030 0700 | 0000 488b | f048 8984 | 2408 0200 | 0066 0f1f 

  0x00007cc821b8121c: ;   {optimized virtual_call}
  0x00007cc821b8121c: 4400 00e8 

  0x00007cc821b81220: ; ImmutableOopMap {[256]=Oop [208]=Oop [216]=Oop [232]=Oop [240]=Oop [520]=Oop [264]=Oop }
                      ;*invokespecial <init> {reexecute=0 rethrow=0 return_oop=0}
                      ; - org.springframework.util.Assert::notNull@9 (line 181)
                      ; - org.springframework.beans.factory.support.DefaultListableBeanFactory::containsBeanDefinition@3 (line 418)
                      ; - org.springframework.beans.factory.support.AbstractBeanFactory::doGetBean@128 (line 273)
  0x00007cc821b81220: 5cfe 8cff | 488b 8424 | 0802 0000 | e997 0a00 

  0x00007cc821b81230: ;   {metadata('org/springframework/beans/factory/BeanCurrentlyInCreationException')}
  0x00007cc821b81230: 0048 bae0 | 441a bcc7 | 7c00 0080 | ba3b 0100 | 0004 0f85 | 1309 0000 | 498b 8708 | 0100 0048 
  0x00007cc821b81250: 8d78 3049 | 3bbf 1801 | 0000 0f87 | fb08 0000 | 4989 bf08 | 0100 0048 | c700 0100 | 0000 488b 
  0x00007cc821b81270: ca49 ba00 | 0000 bbc7 | 7c00 0049 | 2bca 8948 | 0848 33c9 | 8948 0c48 | 33c9 4889 | 4810 4889 
  0x00007cc821b81290: 4818 4889 | 4820 4889 | 4828 488b | 9424 0001 | 0000 488b | f048 8984 | 2410 0200 

  0x00007cc821b812ac: ;   {optimized virtual_call}
  0x00007cc821b812ac: 0066 90e8 

  0x00007cc821b812b0: ; ImmutableOopMap {[528]=Oop }
                      ;*invokespecial <init> {reexecute=0 rethrow=0 return_oop=0}
                      ; - org.springframework.beans.factory.support.AbstractBeanFactory::doGetBean@110 (line 268)
  0x00007cc821b812b0: ccfd 8cff | 488b 8424 | 1002 0000 | e907 0a00 | 0049 8b87 | d003 0000 | 4d33 d24d | 8997 d003 
  0x00007cc821b812d0: 0000 4d33 | d24d 8997 | d803 0000 

  0x00007cc821b812dc: ;   {metadata('org/springframework/beans/factory/support/ScopeNotActiveException')}
  0x00007cc821b812dc: 488b d848 | ba40 771a | bcc7 7c00 | 0080 ba3b | 0100 0004 | 0f85 7708 | 0000 498b | 8708 0100 
  0x00007cc821b812fc: 0048 8d78 | 3049 3bbf | 1801 0000 | 0f87 5f08 | 0000 4989 | bf08 0100 | 0048 c700 | 0100 0000 
  0x00007cc821b8131c: 488b ca49 | ba00 0000 | bbc7 7c00 | 0049 2bca | 8948 0848 | 33c9 8948 | 0c48 33c9 | 4889 4810 
  0x00007cc821b8133c: 4889 4818 | 4889 4820 | 4889 4828 | 488b 9424 | 0001 0000 | 498b c84c | 8bc3 488b | f048 8984 
  0x00007cc821b8135c: 2418 0200 | 0066 0f1f 

  0x00007cc821b81364: ;   {optimized virtual_call}
  0x00007cc821b81364: 4400 00e8 

  0x00007cc821b81368: ; ImmutableOopMap {[272]=Oop [208]=Oop [256]=Oop [536]=Oop }
                      ;*invokespecial <init> {reexecute=0 rethrow=0 return_oop=0}
                      ; - org.springframework.beans.factory.support.AbstractBeanFactory::doGetBean@677 (line 387)
  0x00007cc821b81368: 14fd 8cff | 488b 8424 

  0x00007cc821b81370: ; ImmutableOopMap {[272]=Oop [208]=Oop [256]=Oop rax=Oop }
                      ;*athrow {reexecute=1 rethrow=0 return_oop=0}
                      ; - (reexecute) org.springframework.beans.factory.support.AbstractBeanFactory::doGetBean@680 (line 387)
  0x00007cc821b81370: 1802 0000 

  0x00007cc821b81374: ;   {section_word}
  0x00007cc821b81374: 48ba 7413 | b821 c87c 

  0x00007cc821b8137c: ;   {runtime_call handle_exception_nofpu Runtime1 stub}
  0x00007cc821b8137c: 0000 e87d | 0297 ff90 | 498b 87d0 | 0300 004d | 33d2 4d89 | 97d0 0300 | 004d 33d2 | 4d89 97d8 
  0x00007cc821b8139c: 0300 0048 | 8b94 2400 | 0100 0048 | 8bb4 24d0 | 0000 0048 | 8984 2420 

  0x00007cc821b813b4: ;   {optimized virtual_call}
  0x00007cc821b813b4: 0200 00e8 

  0x00007cc821b813b8: ; ImmutableOopMap {[272]=Oop [208]=Oop [256]=Oop [544]=Oop }
                      ;*invokevirtual afterPrototypeCreation {reexecute=0 rethrow=0 return_oop=0}
                      ; - org.springframework.beans.factory.support.AbstractBeanFactory::doGetBean@539 (line 360)
  0x00007cc821b813b8: c4fc 8cff | 488b 8424 

  0x00007cc821b813c0: ; ImmutableOopMap {[272]=Oop [208]=Oop [256]=Oop rax=Oop }
                      ;*athrow {reexecute=1 rethrow=0 return_oop=0}
                      ; - (reexecute) org.springframework.beans.factory.support.AbstractBeanFactory::doGetBean@544 (line 361)
  0x00007cc821b813c0: 2002 0000 

  0x00007cc821b813c4: ;   {section_word}
  0x00007cc821b813c4: 48ba c413 | b821 c87c 

  0x00007cc821b813cc: ;   {runtime_call handle_exception_nofpu Runtime1 stub}
  0x00007cc821b813cc: 0000 e82d | 0297 ff90 | 448b 9c24 | 2801 0000 | 488b 9c24 | 3001 0000 | 4c8b 8424 | 1801 0000 
  0x00007cc821b813ec: 488b 8c24 | e800 0000 | 488b bc24 | f000 0000 | 498b 87d0 | 0300 004d | 33d2 4d89 | 97d0 0300 
  0x00007cc821b8140c: 004d 33d2 | 4d89 97d8 | 0300 0048 | 8bd0 488d | 8424 4002 | 0000 4c8b | 304d 85f6 | 0f84 0f00 
  0x00007cc821b8142c: 0000 488b | 7008 f04c | 0fb1 360f | 853d 0700 

  0x00007cc821b8143c: ; ImmutableOopMap {[272]=Oop [208]=Oop [256]=Oop [216]=Oop r13=Oop r8=Oop [280]=Oop rcx=Oop [232]=Oop rdi=Oop [240]=Oop rbx=Oop [304]=Oop rax=Oop }
                      ;*athrow {reexecute=1 rethrow=0 return_oop=0}
                      ; - (reexecute) org.springframework.beans.factory.support.DefaultSingletonBeanRegistry::isDependent@23 (line 630)
                      ; - org.springframework.beans.factory.support.AbstractBeanFactory::doGetBean@325 (line 309)
  0x00007cc821b8143c: 0048 8bc2 

  0x00007cc821b81440: ;   {section_word}
  0x00007cc821b81440: 48ba 4014 | b821 c87c 

  0x00007cc821b81448: ;   {runtime_call handle_exception_nofpu Runtime1 stub}
  0x00007cc821b81448: 0000 e8b1 | 0197 ff90 | 498b 87d0 | 0300 004d | 33d2 4d89 | 97d0 0300 | 004d 33d2 | 4d89 97d8 
  0x00007cc821b81468: 0300 008b | 7008 49ba | 0000 00bb | c77c 0000 | 4903 f248 | 8b76 7048 | 8b36 483b | 0648 8984 
  0x00007cc821b81488: 2428 0200 

  0x00007cc821b8148c: ;   {optimized virtual_call}
  0x00007cc821b8148c: 0066 90e8 

  0x00007cc821b81490: ; ImmutableOopMap {[208]=Oop [256]=Oop [552]=Oop [272]=Oop }
                      ;*invokevirtual toString {reexecute=0 rethrow=0 return_oop=0}
                      ; - org.springframework.beans.factory.support.AbstractBeanFactory::doGetBean@716 (line 392)
  0x00007cc821b81490: 110d 0000 | 488b 8424 | 1001 0000 | 4883 f800 | 0f84 2900 

  0x00007cc821b814a4: ;   {metadata('org/springframework/core/metrics/DefaultApplicationStartup$DefaultStartupStep')}
  0x00007cc821b814a4: 0000 48ba | 6017 02bc | c77c 0000 | 8b58 0849 | ba00 0000 | bbc7 7c00 | 0049 03da | 483b 5338 
  0x00007cc821b814c4: 0f85 cb06 | 0000 e900 | 0000 0048 | 8bf0 488b | b424 2802 | 0000 6666 | 9048 b890 | a52f 2dc8 
  0x00007cc821b814e4: ;   {virtual_call}
  0x00007cc821b814e4: 7c00 00e8 

  0x00007cc821b814e8: ; ImmutableOopMap {[208]=Oop [256]=Oop [552]=Oop [272]=Oop }
                      ;*invokevirtual getMessage {reexecute=0 rethrow=0 return_oop=0}
                      ; - org.springframework.beans.factory.support.AbstractBeanFactory::doGetBean@732 (line 393)
  0x00007cc821b814e8: 3845 8dff | 4883 f800 | 0f85 0f00 

  0x00007cc821b814f4: ;   {oop("null"{0x00000007ffe3d108})}
  0x00007cc821b814f4: 0000 48b8 | 08d1 e3ff | 0700 0000 | e903 0000 | 0048 3b00 | 488b 8424 | 1001 0000 | 488b b424 
  0x00007cc821b81514: d000 0000 | 4883 f800 | 0f84 2900 

  0x00007cc821b81520: ;   {metadata('org/springframework/core/metrics/DefaultApplicationStartup$DefaultStartupStep')}
  0x00007cc821b81520: 0000 48b9 | 6017 02bc | c77c 0000 | 8b58 0849 | ba00 0000 | bbc7 7c00 | 0049 03da | 483b 4b38 
  0x00007cc821b81540: 0f85 5906 | 0000 e900 | 0000 0048 | 8bd0 8bbe | a000 0000 | 48c1 e703 | 488d 9424 | 4002 0000 
  0x00007cc821b81560: 4889 7a08 

  0x00007cc821b81564: ; implicit exception: dispatches to 0x00007cc821b81ba4
  0x00007cc821b81564: 488b 0748 | 83c8 0148 | 8902 f048 | 0fb1 170f | 8413 0000 | 0048 2bc4 | 4881 e007 | f0ff ff48 
  0x00007cc821b81584: 8902 0f85 | 1d06 0000 | 8b86 a400 | 0000 48c1 | e003 488b | 9424 0001 | 0000 488b | f048 89bc 
  0x00007cc821b815a4: 2430 0200 | 000f 1f40 | 0048 b810 | 8216 bbc7 

  0x00007cc821b815b4: ;   {virtual_call}
  0x00007cc821b815b4: 7c00 00e8 

  0x00007cc821b815b8: ; ImmutableOopMap {[256]=Oop [552]=Oop [208]=Oop [272]=Oop [560]=Oop [584]=Oop }
                      ;*invokeinterface remove {reexecute=0 rethrow=0 return_oop=0}
                      ; - org.springframework.beans.factory.support.AbstractBeanFactory::cleanupAfterBeanCreationFailure@12 (line 1807)
                      ; - org.springframework.beans.factory.support.AbstractBeanFactory::doGetBean@747 (line 394)
  0x00007cc821b815b8: 046e 2200 | 488d 8424 | 4002 0000 | 488b 1048 | 85d2 0f84 | 0f00 0000 | 488b 7008 | f048 0fb1 
  0x00007cc821b815d8: 160f 85dd | 0500 0048 | 8b84 2428 

  0x00007cc821b815e4: ; ImmutableOopMap {[256]=Oop [552]=Oop [208]=Oop [272]=Oop rax=Oop }
                      ;*athrow {reexecute=1 rethrow=0 return_oop=0}
                      ; - (reexecute) org.springframework.beans.factory.support.AbstractBeanFactory::doGetBean@752 (line 395)
                      ;   {section_word}
  0x00007cc821b815e4: 0200 0048 | bae7 15b8 | 21c8 7c00 

  0x00007cc821b815f0: ;   {runtime_call handle_exception_nofpu Runtime1 stub}
  0x00007cc821b815f0: 00e8 0a00 | 97ff 9049 | 8b87 d003 | 0000 4d33 | d24d 8997 | d003 0000 | 4d33 d24d | 8997 d803 
  0x00007cc821b81610: 0000 488b | d048 8d84 | 2440 0200 | 0048 8b38 | 4885 ff0f | 840f 0000 | 0048 8b58 | 08f0 480f 
  0x00007cc821b81630: b13b 0f85 | 9a05 0000 

  0x00007cc821b81638: ; ImmutableOopMap {[256]=Oop [208]=Oop [272]=Oop rsi=Oop rax=Oop }
                      ;*athrow {reexecute=1 rethrow=0 return_oop=0}
                      ; - (reexecute) org.springframework.beans.factory.support.AbstractBeanFactory::cleanupAfterBeanCreationFailure@27 (line 1808)
                      ; - org.springframework.beans.factory.support.AbstractBeanFactory::doGetBean@747 (line 394)
                      ;   {section_word}
  0x00007cc821b81638: 488b c248 | ba3b 16b8 | 21c8 7c00 

  0x00007cc821b81644: ;   {runtime_call handle_exception_nofpu Runtime1 stub}
  0x00007cc821b81644: 00e8 b6ff | 96ff 9048 | 8b94 2410 | 0100 0048 | 8bb4 24d0 | 0000 0049 | 8b87 d003 | 0000 4d33 
  0x00007cc821b81664: d24d 8997 | d003 0000 | 4d33 d24d | 8997 d803 | 0000 4883 | fa00 0f84 | 2900 0000 

  0x00007cc821b81680: ;   {metadata('org/springframework/core/metrics/DefaultApplicationStartup$DefaultStartupStep')}
  0x00007cc821b81680: 48b9 6017 | 02bc c77c | 0000 8b5a | 0849 ba00 | 0000 bbc7 | 7c00 0049 | 03da 483b | 4b38 0f85 
  0x00007cc821b816a0: 4405 0000 | e900 0000 | 000f be56 | 1983 e201 | 83fa 000f | 85bb 0000 | 0048 8984 | 2438 0200 
  0x00007cc821b816c0: 008b bea0 | 0000 0048 | c1e7 0348 | 8b94 2400 | 0100 0048 | 8bf7 0f1f | 8000 0000 | 0048 b8ff 
  0x00007cc821b816e0: ffff ffff 

  0x00007cc821b816e4: ;   {virtual_call}
  0x00007cc821b816e4: ffff ffe8 

  0x00007cc821b816e8: ; ImmutableOopMap {[256]=Oop [208]=Oop [568]=Oop }
                      ;*invokeinterface get {reexecute=0 rethrow=0 return_oop=0}
                      ; - org.springframework.beans.factory.support.AbstractBeanFactory::clearMergedBeanDefinition@5 (line 1536)
                      ; - org.springframework.beans.factory.support.DefaultListableBeanFactory::clearMergedBeanDefinition@2 (line 993)
                      ; - org.springframework.beans.factory.support.AbstractBeanFactory::doGetBean@772 (line 400)
  0x00007cc821b816e8: 94fc 8cff | 4883 f800 | 0f84 2900 

  0x00007cc821b816f4: ;   {metadata('org/springframework/beans/factory/support/RootBeanDefinition')}
  0x00007cc821b816f4: 0000 48bb | 3099 1abc | c77c 0000 | 8b78 0849 | ba00 0000 | bbc7 7c00 | 0049 03fa | 483b 5f50 
  0x00007cc821b81714: 0f85 d304 | 0000 e900 | 0000 0048 | 8bd0 4883 | fa00 0f84 | 0f00 0000 | be01 0000 | 0040 8872 
  0x00007cc821b81734: 2bf0 8344 | 24c0 0048 | 8b84 2400 | 0100 0048 | 8bb4 24d0 | 0000 008b | b6f0 0000 | 0048 c1e6 
  0x00007cc821b81754: 0348 8bd0 | 0f1f 4400 | 0048 b8ff | ffff ffff 

  0x00007cc821b81764: ;   {virtual_call}
  0x00007cc821b81764: ffff ffe8 

  0x00007cc821b81768: ; ImmutableOopMap {[568]=Oop }
                      ;*invokeinterface remove {reexecute=0 rethrow=0 return_oop=0}
                      ; - org.springframework.beans.factory.support.DefaultListableBeanFactory::clearMergedBeanDefinition@10 (line 994)
                      ; - org.springframework.beans.factory.support.AbstractBeanFactory::doGetBean@772 (line 400)
  0x00007cc821b81768: 14fc 8cff | 488b 8424 | 3802 0000 | e94f 0500 | 0048 8904 

  0x00007cc821b8177c: ;   {runtime_call throw_class_cast_exception Runtime1 stub}
  0x00007cc821b8177c: 24e8 9e0a 

  0x00007cc821b81780: ; ImmutableOopMap {[232]=Oop [216]=Oop [240]=Oop [208]=Oop [248]=Oop }
                      ;*checkcast {reexecute=0 rethrow=0 return_oop=0}
                      ; - org.springframework.core.SimpleAliasRegistry::canonicalName@12 (line 229)
                      ; - org.springframework.beans.factory.support.AbstractBeanFactory::transformedBeanName@5 (line 1284)
                      ; - org.springframework.beans.factory.support.AbstractBeanFactory::doGetBean@2 (line 246)
                      ;   {runtime_call throw_incompatible_class_change_error Runtime1 stub}
  0x00007cc821b81780: 97ff e899 

  0x00007cc821b81784: ; ImmutableOopMap {[240]=Oop [216]=Oop [256]=Oop [208]=Oop [232]=Oop rax=Oop [272]=Oop }
                      ;*invokeinterface tag {reexecute=0 rethrow=0 return_oop=0}
                      ; - org.springframework.beans.factory.support.AbstractBeanFactory::doGetBean@233 (line 297)
                      ;   {runtime_call throw_null_pointer_exception Runtime1 stub}
  0x00007cc821b81784: 0d97 ffe8 

  0x00007cc821b81788: ; ImmutableOopMap {[240]=Oop [216]=Oop [256]=Oop [208]=Oop [232]=Oop rax=Oop [272]=Oop }
                      ;*invokeinterface tag {reexecute=0 rethrow=0 return_oop=0}
                      ; - org.springframework.beans.factory.support.AbstractBeanFactory::doGetBean@233 (line 297)
  0x00007cc821b81788: 94e6 96ff 

  0x00007cc821b8178c: ; implicit exception: dispatches to 0x00007cc821b81bfb
  0x00007cc821b8178c: 8b50 0c48 | c1e2 0348 | 83fa 000f | 845d e6ff | ff48 8914 

  0x00007cc821b817a0: ;   {runtime_call g1_pre_barrier_slow}
  0x00007cc821b817a0: 24e8 5a43 | 97ff e94f 

  0x00007cc821b817a8: ;   {runtime_call throw_null_pointer_exception Runtime1 stub}
  0x00007cc821b817a8: e6ff ffe8 

  0x00007cc821b817ac: ; ImmutableOopMap {[240]=Oop [216]=Oop [256]=Oop [208]=Oop [272]=Oop rax=Oop rcx=Oop [232]=Oop }
                      ;*invokestatic linkToSpecial {reexecute=0 rethrow=0 return_oop=0}
                      ; - java.lang.invoke.DirectMethodHandle$Holder::newInvokeSpecial@16
                      ; - java.lang.invoke.Invokers$Holder::linkToTargetMethod@5
                      ; - org.springframework.beans.factory.support.AbstractBeanFactory::doGetBean@254 (line 300)
  0x00007cc821b817ac: 70e6 96ff | 4883 f900 | 0f84 67e6 | ffff 4889 

  0x00007cc821b817bc: ;   {runtime_call g1_post_barrier_slow}
  0x00007cc821b817bc: 0424 e83d | 4697 ffe9 | 59e6 ffff 

  0x00007cc821b817c8: ;   {runtime_call throw_incompatible_class_change_error Runtime1 stub}
  0x00007cc821b817c8: e853 0d97 

  0x00007cc821b817cc: ; ImmutableOopMap {[240]=Oop [216]=Oop [256]=Oop [208]=Oop rcx=Oop [232]=Oop rax=Oop [272]=Oop }
                      ;*invokeinterface tag {reexecute=0 rethrow=0 return_oop=0}
                      ; - org.springframework.beans.factory.support.AbstractBeanFactory::doGetBean@259 (line 300)
                      ;   {runtime_call throw_null_pointer_exception Runtime1 stub}
  0x00007cc821b817cc: ffe8 4ee6 

  0x00007cc821b817d0: ; ImmutableOopMap {[240]=Oop [216]=Oop [256]=Oop [208]=Oop [232]=Oop [272]=Oop rax=Oop [280]=Oop }
                      ;*invokevirtual getDependsOn {reexecute=0 rethrow=0 return_oop=0}
                      ; - org.springframework.beans.factory.support.AbstractBeanFactory::doGetBean@284 (line 306)
                      ;   {runtime_call throw_null_pointer_exception Runtime1 stub}
  0x00007cc821b817d0: 96ff e849 

  0x00007cc821b817d4: ; ImmutableOopMap {[240]=Oop [216]=Oop [256]=Oop [208]=Oop [232]=Oop [272]=Oop rax=Oop [280]=Oop rdi=Oop [304]=Oop }
                      ;*arraylength {reexecute=0 rethrow=0 return_oop=0}
                      ; - org.springframework.beans.factory.support.AbstractBeanFactory::doGetBean@300 (line 308)
                      ;   {runtime_call throw_null_pointer_exception Runtime1 stub}
  0x00007cc821b817d4: e696 ffe8 

  0x00007cc821b817d8: ; ImmutableOopMap {[240]=Oop [216]=Oop [232]=Oop [272]=Oop rdi=Oop [304]=Oop rsi=Oop [208]=Oop [280]=Oop r13=Oop r14=Oop r8=Oop }
                      ;*monitorenter {reexecute=0 rethrow=0 return_oop=0}
                      ; - org.springframework.beans.factory.support.DefaultSingletonBeanRegistry::isDependent@6 (line 628)
                      ; - org.springframework.beans.factory.support.AbstractBeanFactory::doGetBean@325 (line 309)
  0x00007cc821b817d8: 44e6 96ff | 4c89 7424 | 0848 8914 

  0x00007cc821b817e4: ;   {runtime_call monitorenter_nofpu Runtime1 stub}
  0x00007cc821b817e4: 24e8 1616 

  0x00007cc821b817e8: ; ImmutableOopMap {[240]=Oop [216]=Oop [232]=Oop [272]=Oop rdi=Oop [304]=Oop rsi=Oop [208]=Oop [280]=Oop r13=Oop r14=Oop r8=Oop [584]=Oop }
                      ;*monitorenter {reexecute=0 rethrow=0 return_oop=0}
                      ; - org.springframework.beans.factory.support.DefaultSingletonBeanRegistry::isDependent@6 (line 628)
                      ; - org.springframework.beans.factory.support.AbstractBeanFactory::doGetBean@325 (line 309)
  0x00007cc821b817e8: 97ff e934 | e7ff ff48 | 8d84 2440 | 0200 0048 

  0x00007cc821b817f8: ;   {runtime_call monitorexit_nofpu Runtime1 stub}
  0x00007cc821b817f8: 8904 24e8 | 001c 97ff | e985 e7ff | ff8b 500c | 48c1 e203 | 4883 fa00 | 0f84 b4e8 | ffff 4889 
  0x00007cc821b81818: ;   {runtime_call g1_pre_barrier_slow}
  0x00007cc821b81818: 1424 e8e1 | 4297 ffe9 | a6e8 ffff 

  0x00007cc821b81824: ;   {runtime_call throw_null_pointer_exception Runtime1 stub}
  0x00007cc821b81824: e8f7 e596 

  0x00007cc821b81828: ; ImmutableOopMap {[240]=Oop [232]=Oop [272]=Oop [216]=Oop [280]=Oop [256]=Oop rax=Oop rsi=Oop [208]=Oop }
                      ;*invokestatic linkToSpecial {reexecute=0 rethrow=0 return_oop=0}
                      ; - java.lang.invoke.LambdaForm$DMH/0x00007cc7bc088400::newInvokeSpecial@24
                      ; - java.lang.invoke.Invokers$Holder::linkToTargetMethod@9
                      ; - org.springframework.beans.factory.support.AbstractBeanFactory::doGetBean@471 (line 337)
  0x00007cc821b81828: ff48 83fe | 000f 84be | e8ff ff48 

  0x00007cc821b81834: ;   {runtime_call g1_post_barrier_slow}
  0x00007cc821b81834: 8904 24e8 | c445 97ff | e9b0 e8ff | ff8b 5010 | 48c1 e203 | 4883 fa00 | 0f84 ade8 | ffff 4889 
  0x00007cc821b81854: ;   {runtime_call g1_pre_barrier_slow}
  0x00007cc821b81854: 1424 e8a5 | 4297 ffe9 | 9fe8 ffff | 4883 ff00 | 0f84 bce8 | ffff 4889 

  0x00007cc821b8186c: ;   {runtime_call g1_post_barrier_slow}
  0x00007cc821b8186c: 0424 e88d | 4597 ffe9 | aee8 ffff | 8b50 1448 | c1e2 0348 | 83fa 000f | 84ab e8ff | ff48 8914 
  0x00007cc821b8188c: ;   {runtime_call g1_pre_barrier_slow}
  0x00007cc821b8188c: 24e8 6e42 | 97ff e99d | e8ff ff48 | 83fb 000f | 84ba e8ff | ff48 8904 

  0x00007cc821b818a4: ;   {runtime_call g1_post_barrier_slow}
  0x00007cc821b818a4: 24e8 5645 | 97ff e9ac | e8ff ff8b | 5018 48c1 | e203 4883 | fa00 0f84 | a9e8 ffff | 4889 1424 
  0x00007cc821b818c4: ;   {runtime_call g1_pre_barrier_slow}
  0x00007cc821b818c4: e837 4297 | ffe9 9be8 | ffff 4983 | f800 0f84 | b8e8 ffff | 4889 0424 

  0x00007cc821b818dc: ;   {runtime_call g1_post_barrier_slow}
  0x00007cc821b818dc: e81f 4597 | ffe9 aae8 

  0x00007cc821b818e4: ;   {runtime_call throw_null_pointer_exception Runtime1 stub}
  0x00007cc821b818e4: ffff e835 

  0x00007cc821b818e8: ; ImmutableOopMap {[240]=Oop [232]=Oop [272]=Oop [280]=Oop [256]=Oop rax=Oop rsi=Oop [208]=Oop rdi=Oop }
                      ;*invokevirtual get {reexecute=0 rethrow=0 return_oop=0}
                      ; - org.springframework.beans.factory.support.AbstractAutowireCapableBeanFactory::getObjectForBeanInstance@4 (line 1311)
                      ; - org.springframework.beans.factory.support.AbstractBeanFactory::doGetBean@489 (line 349)
  0x00007cc821b818e8: e596 ff48 

  0x00007cc821b818ec: ;   {runtime_call throw_class_cast_exception Runtime1 stub}
  0x00007cc821b818ec: 8904 24e8 

  0x00007cc821b818f0: ; ImmutableOopMap {[240]=Oop [232]=Oop [272]=Oop [280]=Oop [256]=Oop [208]=Oop [320]=Oop }
                      ;*checkcast {reexecute=0 rethrow=0 return_oop=0}
                      ; - org.springframework.beans.factory.support.AbstractAutowireCapableBeanFactory::getObjectForBeanInstance@7 (line 1311)
                      ; - org.springframework.beans.factory.support.AbstractBeanFactory::doGetBean@489 (line 349)
  0x00007cc821b818f0: 2c09 97ff 

  0x00007cc821b818f4: ;   {runtime_call throw_null_pointer_exception Runtime1 stub}
  0x00007cc821b818f4: e827 e596 

  0x00007cc821b818f8: ; ImmutableOopMap {[240]=Oop [232]=Oop [272]=Oop [256]=Oop [280]=Oop [328]=Oop rsi=Oop [208]=Oop rdi=Oop }
                      ;*invokevirtual get {reexecute=0 rethrow=0 return_oop=0}
                      ; - org.springframework.beans.factory.support.AbstractAutowireCapableBeanFactory::getObjectForBeanInstance@4 (line 1311)
                      ; - org.springframework.beans.factory.support.AbstractBeanFactory::doGetBean@553 (line 362)
  0x00007cc821b818f8: ff48 8904 

  0x00007cc821b818fc: ;   {runtime_call throw_class_cast_exception Runtime1 stub}
  0x00007cc821b818fc: 24e8 1e09 

  0x00007cc821b81900: ; ImmutableOopMap {[240]=Oop [232]=Oop [272]=Oop [256]=Oop [280]=Oop [328]=Oop [208]=Oop }
                      ;*checkcast {reexecute=0 rethrow=0 return_oop=0}
                      ; - org.springframework.beans.factory.support.AbstractAutowireCapableBeanFactory::getObjectForBeanInstance@7 (line 1311)
                      ; - org.springframework.beans.factory.support.AbstractBeanFactory::doGetBean@553 (line 362)
                      ;   {runtime_call throw_null_pointer_exception Runtime1 stub}
  0x00007cc821b81900: 97ff e819 

  0x00007cc821b81904: ; ImmutableOopMap {[240]=Oop [232]=Oop [272]=Oop [256]=Oop [208]=Oop rax=Oop [280]=Oop [216]=Oop rdi=Oop }
                      ;*invokevirtual isEmpty {reexecute=0 rethrow=0 return_oop=0}
                      ; - org.springframework.util.StringUtils::hasLength@5 (line 147)
                      ; - org.springframework.beans.factory.support.AbstractBeanFactory::doGetBean@570 (line 367)
                      ;   {runtime_call throw_null_pointer_exception Runtime1 stub}
  0x00007cc821b81904: e596 ffe8 

  0x00007cc821b81908: ; ImmutableOopMap {[240]=Oop [232]=Oop [272]=Oop [256]=Oop [208]=Oop rax=Oop [280]=Oop [216]=Oop rdi=Oop }
                      ;*arraylength {reexecute=0 rethrow=0 return_oop=0}
                      ; - java.lang.String::isEmpty@4 (line 1494)
                      ; - org.springframework.util.StringUtils::hasLength@5 (line 147)
                      ; - org.springframework.beans.factory.support.AbstractBeanFactory::doGetBean@570 (line 367)
  0x00007cc821b81908: 14e5 96ff | 4889 0424 

  0x00007cc821b81910: ;   {runtime_call throw_class_cast_exception Runtime1 stub}
  0x00007cc821b81910: e80b 0997 

  0x00007cc821b81914: ; ImmutableOopMap {[240]=Oop [232]=Oop [272]=Oop [256]=Oop [216]=Oop [208]=Oop [280]=Oop [336]=Oop }
                      ;*checkcast {reexecute=0 rethrow=0 return_oop=0}
                      ; - org.springframework.beans.factory.support.AbstractBeanFactory::doGetBean@602 (line 370)
  0x00007cc821b81914: ff49 b900 | 0000 0000 | 0000 00b8 | 000f 050a 

  0x00007cc821b81924: ;   {runtime_call load_appendix_patching Runtime1 stub}
  0x00007cc821b81924: e857 3497 

  0x00007cc821b81928: ; ImmutableOopMap {[240]=Oop [232]=Oop [272]=Oop [256]=Oop [216]=Oop [280]=Oop [336]=Oop [344]=Oop rsi=Oop [208]=Oop }
                      ;*invokedynamic {reexecute=1 rethrow=0 return_oop=0}
                      ; - (reexecute) org.springframework.beans.factory.support.AbstractBeanFactory::doGetBean@637 (line 375)
  0x00007cc821b81928: ffe9 72eb 

  0x00007cc821b8192c: ;   {runtime_call throw_null_pointer_exception Runtime1 stub}
  0x00007cc821b8192c: ffff e8ed 

  0x00007cc821b81930: ; ImmutableOopMap {[240]=Oop [232]=Oop [272]=Oop [256]=Oop [280]=Oop [336]=Oop rax=Oop rsi=Oop [208]=Oop rdi=Oop }
                      ;*invokevirtual get {reexecute=0 rethrow=0 return_oop=0}
                      ; - org.springframework.beans.factory.support.AbstractAutowireCapableBeanFactory::getObjectForBeanInstance@4 (line 1311)
                      ; - org.springframework.beans.factory.support.AbstractBeanFactory::doGetBean@657 (line 384)
  0x00007cc821b81930: e496 ff48 

  0x00007cc821b81934: ;   {runtime_call throw_class_cast_exception Runtime1 stub}
  0x00007cc821b81934: 8904 24e8 

  0x00007cc821b81938: ; ImmutableOopMap {[240]=Oop [232]=Oop [272]=Oop [256]=Oop [280]=Oop [336]=Oop [208]=Oop [352]=Oop }
                      ;*checkcast {reexecute=0 rethrow=0 return_oop=0}
                      ; - org.springframework.beans.factory.support.AbstractAutowireCapableBeanFactory::getObjectForBeanInstance@7 (line 1311)
                      ; - org.springframework.beans.factory.support.AbstractBeanFactory::doGetBean@657 (line 384)
  0x00007cc821b81938: e408 97ff 

  0x00007cc821b8193c: ;   {runtime_call throw_incompatible_class_change_error Runtime1 stub}
  0x00007cc821b8193c: e8df 0b97 

  0x00007cc821b81940: ; ImmutableOopMap {[240]=Oop [232]=Oop [256]=Oop rax=Oop rsi=Oop [208]=Oop }
                      ;*invokeinterface end {reexecute=0 rethrow=0 return_oop=0}
                      ; - org.springframework.beans.factory.support.AbstractBeanFactory::doGetBean@683 (line 398)
  0x00007cc821b81940: ff48 8904 

  0x00007cc821b81944: ;   {runtime_call throw_class_cast_exception Runtime1 stub}
  0x00007cc821b81944: 24e8 d608 

  0x00007cc821b81948: ; ImmutableOopMap {[240]=Oop [232]=Oop [256]=Oop [208]=Oop [360]=Oop }
                      ;*checkcast {reexecute=0 rethrow=0 return_oop=0}
                      ; - org.springframework.beans.factory.support.AbstractBeanFactory::clearMergedBeanDefinition@10 (line 1536)
                      ; - org.springframework.beans.factory.support.DefaultListableBeanFactory::clearMergedBeanDefinition@2 (line 993)
                      ; - org.springframework.beans.factory.support.AbstractBeanFactory::doGetBean@698 (line 400)
                      ;   {runtime_call throw_null_pointer_exception Runtime1 stub}
  0x00007cc821b81948: 97ff e8d1 

  0x00007cc821b8194c: ; ImmutableOopMap {[240]=Oop [232]=Oop [256]=Oop [208]=Oop [360]=Oop }
                      ;*putfield stale {reexecute=1 rethrow=0 return_oop=0}
                      ; - (reexecute) org.springframework.beans.factory.support.AbstractBeanFactory::clearMergedBeanDefinition@20 (line 1538)
                      ; - org.springframework.beans.factory.support.DefaultListableBeanFactory::clearMergedBeanDefinition@2 (line 993)
                      ; - org.springframework.beans.factory.support.AbstractBeanFactory::doGetBean@698 (line 400)
                      ;   {runtime_call throw_null_pointer_exception Runtime1 stub}
  0x00007cc821b8194c: e496 ffe8 

  0x00007cc821b81950: ; ImmutableOopMap {[256]=Oop [208]=Oop r8=Oop [280]=Oop [288]=Oop rbx=Oop [272]=Oop }
                      ;*new {reexecute=0 rethrow=0 return_oop=0}
                      ; - org.springframework.beans.factory.support.AbstractBeanFactory::doGetBean@331 (line 310)
  0x00007cc821b81950: cce4 96ff 

  0x00007cc821b81954: ;   {runtime_call fast_new_instance_init_check Runtime1 stub}
  0x00007cc821b81954: 488b d2e8 

  0x00007cc821b81958: ; ImmutableOopMap {[256]=Oop [208]=Oop r8=Oop [280]=Oop [288]=Oop rbx=Oop [272]=Oop }
                      ;*new {reexecute=0 rethrow=0 return_oop=0}
                      ; - org.springframework.beans.factory.support.AbstractBeanFactory::doGetBean@331 (line 310)
  0x00007cc821b81958: a4f0 96ff | e9a0 edff 

  0x00007cc821b81960: ;   {runtime_call throw_null_pointer_exception Runtime1 stub}
  0x00007cc821b81960: ffe8 bae4 

  0x00007cc821b81964: ; ImmutableOopMap {[264]=Oop [216]=Oop [232]=Oop rax=Oop rdx=Oop [240]=Oop }
                      ;*invokevirtual isEmpty {reexecute=0 rethrow=0 return_oop=0}
                      ; - org.springframework.beans.factory.support.AbstractBeanFactory::originalBeanName@7 (line 1294)
                      ; - org.springframework.beans.factory.support.AbstractBeanFactory::doGetBean@136 (line 275)
                      ;   {runtime_call throw_null_pointer_exception Runtime1 stub}
  0x00007cc821b81964: 96ff e8b5 

  0x00007cc821b81968: ; ImmutableOopMap {[264]=Oop [216]=Oop [232]=Oop rax=Oop rdx=Oop [240]=Oop rdi=Oop }
                      ;*arraylength {reexecute=0 rethrow=0 return_oop=0}
                      ; - java.lang.String::isEmpty@4 (line 1494)
                      ; - org.springframework.beans.factory.support.AbstractBeanFactory::originalBeanName@7 (line 1294)
                      ; - org.springframework.beans.factory.support.AbstractBeanFactory::doGetBean@136 (line 275)
  0x00007cc821b81968: e496 ff48 | ba00 0000 | 0000 0000 | 00b8 000f 

  0x00007cc821b81978: ;   {runtime_call load_appendix_patching Runtime1 stub}
  0x00007cc821b81978: 050a e801 

  0x00007cc821b8197c: ; ImmutableOopMap {[264]=Oop [216]=Oop [232]=Oop rax=Oop }
                      ;*invokedynamic {reexecute=1 rethrow=0 return_oop=0}
                      ; - (reexecute) org.springframework.beans.factory.support.AbstractBeanFactory::originalBeanName@24 (line 1295)
                      ; - org.springframework.beans.factory.support.AbstractBeanFactory::doGetBean@136 (line 275)
  0x00007cc821b8197c: 3497 ffe9 | 8cee ffff | 48ba 0000 | 0000 0000 | 0000 b800 

  0x00007cc821b81990: ;   {runtime_call load_appendix_patching Runtime1 stub}
  0x00007cc821b81990: 0f05 0ae8 

  0x00007cc821b81994: ; ImmutableOopMap {[256]=Oop [240]=Oop [384]=Oop [232]=Oop rsi=Oop [208]=Oop rdi=Oop }
                      ;*invokedynamic {reexecute=1 rethrow=0 return_oop=0}
                      ; - (reexecute) org.springframework.beans.factory.support.AbstractBeanFactory::doGetBean@51 (line 254)
  0x00007cc821b81994: e833 97ff | e983 efff | ff48 ba00 | 0000 0000 | 0000 00b8 | 000f 050a 

  0x00007cc821b819ac: ;   {runtime_call load_appendix_patching Runtime1 stub}
  0x00007cc821b819ac: e8cf 3397 

  0x00007cc821b819b0: ; ImmutableOopMap {[256]=Oop [240]=Oop [384]=Oop [232]=Oop rsi=Oop [208]=Oop rdi=Oop }
                      ;*invokedynamic {reexecute=1 rethrow=0 return_oop=0}
                      ; - (reexecute) org.springframework.beans.factory.support.AbstractBeanFactory::doGetBean@70 (line 258)
  0x00007cc821b819b0: ffe9 baef 

  0x00007cc821b819b4: ;   {runtime_call throw_null_pointer_exception Runtime1 stub}
  0x00007cc821b819b4: ffff e865 

  0x00007cc821b819b8: ; ImmutableOopMap {[256]=Oop [240]=Oop [384]=Oop [232]=Oop rsi=Oop [208]=Oop rdi=Oop }
                      ;*invokevirtual get {reexecute=0 rethrow=0 return_oop=0}
                      ; - org.springframework.beans.factory.support.AbstractAutowireCapableBeanFactory::getObjectForBeanInstance@4 (line 1311)
                      ; - org.springframework.beans.factory.support.AbstractBeanFactory::doGetBean@87 (line 261)
  0x00007cc821b819b8: e496 ff48 

  0x00007cc821b819bc: ;   {runtime_call throw_class_cast_exception Runtime1 stub}
  0x00007cc821b819bc: 8904 24e8 

  0x00007cc821b819c0: ; ImmutableOopMap {[256]=Oop [240]=Oop [384]=Oop [232]=Oop [208]=Oop }
                      ;*checkcast {reexecute=0 rethrow=0 return_oop=0}
                      ; - org.springframework.beans.factory.support.AbstractAutowireCapableBeanFactory::getObjectForBeanInstance@7 (line 1311)
                      ; - org.springframework.beans.factory.support.AbstractBeanFactory::doGetBean@87 (line 261)
  0x00007cc821b819c0: 5c08 97ff 

  0x00007cc821b819c4: ;   {runtime_call throw_null_pointer_exception Runtime1 stub}
  0x00007cc821b819c4: e857 e496 

  0x00007cc821b819c8: ; ImmutableOopMap {[256]=Oop [208]=Oop r8=Oop [280]=Oop rbx=Oop [272]=Oop [232]=Oop [408]=Oop }
                      ;*new {reexecute=0 rethrow=0 return_oop=0}
                      ; - org.springframework.beans.factory.support.AbstractBeanFactory::doGetBean@407 (line 325)
  0x00007cc821b819c8: ff48 8bd2 

  0x00007cc821b819cc: ;   {runtime_call fast_new_instance_init_check Runtime1 stub}
  0x00007cc821b819cc: e82f f096 

  0x00007cc821b819d0: ; ImmutableOopMap {[256]=Oop [208]=Oop r8=Oop [280]=Oop rbx=Oop [272]=Oop [232]=Oop [408]=Oop }
                      ;*new {reexecute=0 rethrow=0 return_oop=0}
                      ; - org.springframework.beans.factory.support.AbstractBeanFactory::doGetBean@407 (line 325)
  0x00007cc821b819d0: ffe9 09f1 

  0x00007cc821b819d4: ;   {runtime_call throw_null_pointer_exception Runtime1 stub}
  0x00007cc821b819d4: ffff e845 

  0x00007cc821b819d8: ; ImmutableOopMap {[256]=Oop [208]=Oop [272]=Oop [416]=Oop [408]=Oop [424]=Oop rax=Oop [432]=Oop rcx=Oop [232]=Oop }
                      ;*invokevirtual getSimpleName {reexecute=0 rethrow=0 return_oop=0}
                      ; - org.springframework.beans.factory.support.AbstractBeanFactory::doGetBean@424 (line 327)
                      ;   {runtime_call throw_null_pointer_exception Runtime1 stub}
  0x00007cc821b819d8: e496 ffe8 

  0x00007cc821b819dc: ; ImmutableOopMap {[256]=Oop [208]=Oop [272]=Oop [416]=Oop [408]=Oop [424]=Oop [232]=Oop [432]=Oop rax=Oop }
                      ;*getfield simpleName {reexecute=1 rethrow=0 return_oop=0}
                      ; - (reexecute) java.lang.Class::getSimpleName@6 (line 1653)
                      ; - org.springframework.beans.factory.support.AbstractBeanFactory::doGetBean@424 (line 327)
  0x00007cc821b819dc: 40e4 96ff 

  0x00007cc821b819e0: ;   {runtime_call throw_null_pointer_exception Runtime1 stub}
  0x00007cc821b819e0: e83b e496 

  0x00007cc821b819e4: ; ImmutableOopMap {[256]=Oop [208]=Oop [272]=Oop [288]=Oop r8=Oop [280]=Oop [440]=Oop }
                      ;*new {reexecute=0 rethrow=0 return_oop=0}
                      ; - org.springframework.beans.factory.support.AbstractBeanFactory::doGetBean@375 (line 318)
  0x00007cc821b819e4: ff48 8bd2 

  0x00007cc821b819e8: ;   {runtime_call fast_new_instance_init_check Runtime1 stub}
  0x00007cc821b819e8: e813 f096 

  0x00007cc821b819ec: ; ImmutableOopMap {[256]=Oop [208]=Oop [272]=Oop [288]=Oop r8=Oop [280]=Oop [440]=Oop }
                      ;*new {reexecute=0 rethrow=0 return_oop=0}
                      ; - org.springframework.beans.factory.support.AbstractBeanFactory::doGetBean@375 (line 318)
  0x00007cc821b819ec: ffe9 14f2 

  0x00007cc821b819f0: ;   {internal_word}
  0x00007cc821b819f0: ffff 49ba | 840c b821 | c87c 0000 | 4d89 9758 

  0x00007cc821b81a00: ;   {runtime_call SafepointBlob}
  0x00007cc821b81a00: 0300 00e9 | f85c 8dff 

  0x00007cc821b81a08: ;   {internal_word}
  0x00007cc821b81a08: 49ba ac0c | b821 c87c | 0000 4d89 | 9758 0300 

  0x00007cc821b81a18: ;   {runtime_call SafepointBlob}
  0x00007cc821b81a18: 00e9 e25c 

  0x00007cc821b81a1c: ;   {internal_word}
  0x00007cc821b81a1c: 8dff 49ba | dc0c b821 | c87c 0000 | 4d89 9758 

  0x00007cc821b81a2c: ;   {runtime_call SafepointBlob}
  0x00007cc821b81a2c: 0300 00e9 | cc5c 8dff | 4889 3c24 

  0x00007cc821b81a38: ;   {runtime_call throw_class_cast_exception Runtime1 stub}
  0x00007cc821b81a38: e8e3 0797 

  0x00007cc821b81a3c: ; ImmutableOopMap {[232]=Oop rax=Oop r8=Oop [216]=Oop }
                      ;*checkcast {reexecute=0 rethrow=0 return_oop=0}
                      ; - org.springframework.beans.factory.support.AbstractBeanFactory::doGetBean@151 (line 276)
                      ;   {runtime_call throw_null_pointer_exception Runtime1 stub}
  0x00007cc821b81a3c: ffe8 dee3 

  0x00007cc821b81a40: ; ImmutableOopMap {[232]=Oop rax=Oop r8=Oop [216]=Oop rsi=Oop }
                      ;*invokevirtual doGetBean {reexecute=0 rethrow=0 return_oop=0}
                      ; - org.springframework.beans.factory.support.AbstractBeanFactory::doGetBean@164 (line 277)
                      ;   {internal_word}
  0x00007cc821b81a40: 96ff 49ba | 440d b821 | c87c 0000 | 4d89 9758 

  0x00007cc821b81a50: ;   {runtime_call SafepointBlob}
  0x00007cc821b81a50: 0300 00e9 | a85c 8dff 

  0x00007cc821b81a58: ;   {internal_word}
  0x00007cc821b81a58: 49ba b40d | b821 c87c | 0000 4d89 | 9758 0300 

  0x00007cc821b81a68: ;   {runtime_call SafepointBlob}
  0x00007cc821b81a68: 00e9 925c | 8dff 48b9 | 0000 0000 | 0000 0000 | b800 0f05 

  0x00007cc821b81a7c: ;   {runtime_call load_appendix_patching Runtime1 stub}
  0x00007cc821b81a7c: 0ae8 fe32 

  0x00007cc821b81a80: ; ImmutableOopMap {[272]=Oop [288]=Oop [256]=Oop [208]=Oop [456]=Oop [448]=Oop [440]=Oop }
                      ;*invokedynamic {reexecute=1 rethrow=0 return_oop=0}
                      ; - (reexecute) org.springframework.beans.factory.support.AbstractBeanFactory::doGetBean@390 (line 318)
  0x00007cc821b81a80: 97ff e969 | f3ff ff8b | 7e34 48c1 | e703 4883 | ff00 0f84 | eaf3 ffff | 4889 3c24 

  0x00007cc821b81a9c: ;   {runtime_call g1_pre_barrier_slow}
  0x00007cc821b81a9c: e85f 4097 | ffe9 dcf3 | ffff 4883 | f800 0f84 | f1f3 ffff | 4889 3424 

  0x00007cc821b81ab4: ;   {runtime_call g1_post_barrier_slow}
  0x00007cc821b81ab4: e847 4397 | ffe9 e3f3 | ffff 49b9 | 0000 0000 | 0000 0000 | b800 0f05 

  0x00007cc821b81acc: ;   {runtime_call load_appendix_patching Runtime1 stub}
  0x00007cc821b81acc: 0ae8 ae32 

  0x00007cc821b81ad0: ; ImmutableOopMap {[272]=Oop [256]=Oop [208]=Oop [408]=Oop [416]=Oop [424]=Oop [472]=Oop [432]=Oop rax=Oop }
                      ;*invokedynamic {reexecute=1 rethrow=0 return_oop=0}
                      ; - (reexecute) org.springframework.beans.factory.support.AbstractBeanFactory::doGetBean@434 (line 328)
  0x00007cc821b81ad0: 97ff e9f1 | f3ff ff48 | b900 0000 | 0000 0000 | 00b8 000f 

  0x00007cc821b81ae4: ;   {runtime_call load_appendix_patching Runtime1 stub}
  0x00007cc821b81ae4: 050a e895 

  0x00007cc821b81ae8: ; ImmutableOopMap {[272]=Oop [256]=Oop [208]=Oop [288]=Oop [488]=Oop [480]=Oop }
                      ;*invokedynamic {reexecute=1 rethrow=0 return_oop=0}
                      ; - (reexecute) org.springframework.beans.factory.support.AbstractBeanFactory::doGetBean@346 (line 310)
  0x00007cc821b81ae8: 3297 ffe9 | 80f4 ffff 

  0x00007cc821b81af0: ;   {runtime_call fast_new_instance Runtime1 stub}
  0x00007cc821b81af0: 488b d2e8 

  0x00007cc821b81af4: ; ImmutableOopMap {[272]=Oop [256]=Oop [208]=Oop [336]=Oop }
                      ;*new {reexecute=0 rethrow=0 return_oop=0}
                      ; - org.springframework.beans.factory.support.AbstractBeanFactory::doGetBean@612 (line 372)
  0x00007cc821b81af4: 08ec 96ff | e927 f5ff | ff48 ba00 | 0000 0000 | 0000 00b8 | 000f 050a 

  0x00007cc821b81b0c: ;   {runtime_call load_appendix_patching Runtime1 stub}
  0x00007cc821b81b0c: e86f 3297 

  0x00007cc821b81b10: ; ImmutableOopMap {[272]=Oop [256]=Oop [208]=Oop [336]=Oop rax=Oop }
                      ;*invokedynamic {reexecute=1 rethrow=0 return_oop=0}
                      ; - (reexecute) org.springframework.beans.factory.support.AbstractBeanFactory::doGetBean@618 (line 372)
  0x00007cc821b81b10: ffe9 12f5 | ffff 488b 

  0x00007cc821b81b18: ;   {runtime_call fast_new_instance Runtime1 stub}
  0x00007cc821b81b18: d2e8 e2eb 

  0x00007cc821b81b1c: ; ImmutableOopMap {[272]=Oop [256]=Oop [208]=Oop }
                      ;*new {reexecute=0 rethrow=0 return_oop=0}
                      ; - org.springframework.beans.factory.support.AbstractBeanFactory::doGetBean@576 (line 368)
  0x00007cc821b81b1c: 96ff e9a9 | f5ff ff48 | ba00 0000 | 0000 0000 | 00b8 000f 

  0x00007cc821b81b30: ;   {runtime_call load_appendix_patching Runtime1 stub}
  0x00007cc821b81b30: 050a e849 

  0x00007cc821b81b34: ; ImmutableOopMap {[272]=Oop [256]=Oop [208]=Oop rax=Oop }
                      ;*invokedynamic {reexecute=1 rethrow=0 return_oop=0}
                      ; - (reexecute) org.springframework.beans.factory.support.AbstractBeanFactory::doGetBean@582 (line 368)
  0x00007cc821b81b34: 3297 ffe9 | 94f5 ffff 

  0x00007cc821b81b3c: ;   {runtime_call fast_new_instance Runtime1 stub}
  0x00007cc821b81b3c: 488b d2e8 

  0x00007cc821b81b40: ; ImmutableOopMap {[272]=Oop [256]=Oop [208]=Oop [216]=Oop [240]=Oop [232]=Oop }
                      ;*new {reexecute=0 rethrow=0 return_oop=0}
                      ; - java.util.Objects::requireNonNull@4 (line 209)
                      ; - org.springframework.beans.factory.support.AbstractBeanFactory::doGetBean@250 (line 300)
  0x00007cc821b81b40: bceb 96ff | e92f f6ff | ff48 8bd2 

  0x00007cc821b81b4c: ;   {runtime_call fast_new_instance Runtime1 stub}
  0x00007cc821b81b4c: e8af eb96 

  0x00007cc821b81b50: ; ImmutableOopMap {[256]=Oop [208]=Oop [216]=Oop [232]=Oop [240]=Oop [264]=Oop }
                      ;*new {reexecute=0 rethrow=0 return_oop=0}
                      ; - org.springframework.util.Assert::notNull@4 (line 181)
                      ; - org.springframework.beans.factory.support.DefaultListableBeanFactory::containsBeanDefinition@3 (line 418)
                      ; - org.springframework.beans.factory.support.AbstractBeanFactory::doGetBean@128 (line 273)
  0x00007cc821b81b50: ffe9 aef6 

  0x00007cc821b81b54: ;   {runtime_call throw_null_pointer_exception Runtime1 stub}
  0x00007cc821b81b54: ffff e8c5 

  0x00007cc821b81b58: ; ImmutableOopMap {[256]=Oop }
                      ;*new {reexecute=0 rethrow=0 return_oop=0}
                      ; - org.springframework.beans.factory.support.AbstractBeanFactory::doGetBean@104 (line 268)
  0x00007cc821b81b58: e296 ff48 

  0x00007cc821b81b5c: ;   {runtime_call fast_new_instance_init_check Runtime1 stub}
  0x00007cc821b81b5c: 8bd2 e89d 

  0x00007cc821b81b60: ; ImmutableOopMap {[256]=Oop }
                      ;*new {reexecute=0 rethrow=0 return_oop=0}
                      ; - org.springframework.beans.factory.support.AbstractBeanFactory::doGetBean@104 (line 268)
  0x00007cc821b81b60: ee96 ffe9 | 32f7 ffff 

  0x00007cc821b81b68: ;   {runtime_call throw_null_pointer_exception Runtime1 stub}
  0x00007cc821b81b68: e8b3 e296 

  0x00007cc821b81b6c: ; ImmutableOopMap {r8=Oop [272]=Oop [208]=Oop [256]=Oop rbx=Oop }
                      ;*new {reexecute=0 rethrow=0 return_oop=0}
                      ; - org.springframework.beans.factory.support.AbstractBeanFactory::doGetBean@667 (line 387)
  0x00007cc821b81b6c: ff48 8bd2 

  0x00007cc821b81b70: ;   {runtime_call fast_new_instance_init_check Runtime1 stub}
  0x00007cc821b81b70: e88b ee96 

  0x00007cc821b81b74: ; ImmutableOopMap {r8=Oop [272]=Oop [208]=Oop [256]=Oop rbx=Oop }
                      ;*new {reexecute=0 rethrow=0 return_oop=0}
                      ; - org.springframework.beans.factory.support.AbstractBeanFactory::doGetBean@667 (line 387)
  0x00007cc821b81b74: ffe9 cef7 | ffff 488d | 8424 4002 | 0000 4889 

  0x00007cc821b81b84: ;   {runtime_call monitorexit_nofpu Runtime1 stub}
  0x00007cc821b81b84: 0424 e875 | 1897 ffe9 | adf8 ffff 

  0x00007cc821b81b90: ;   {runtime_call throw_null_pointer_exception Runtime1 stub}
  0x00007cc821b81b90: e88b e296 

  0x00007cc821b81b94: ; ImmutableOopMap {[208]=Oop [256]=Oop [272]=Oop rax=Oop rsi=Oop }
                      ;*invokevirtual toString {reexecute=0 rethrow=0 return_oop=0}
                      ; - org.springframework.beans.factory.support.AbstractBeanFactory::doGetBean@716 (line 392)
                      ;   {runtime_call throw_incompatible_class_change_error Runtime1 stub}
  0x00007cc821b81b94: ffe8 8609 

  0x00007cc821b81b98: ; ImmutableOopMap {[208]=Oop [256]=Oop [552]=Oop rax=Oop [272]=Oop }
                      ;*invokeinterface tag {reexecute=0 rethrow=0 return_oop=0}
                      ; - org.springframework.beans.factory.support.AbstractBeanFactory::doGetBean@719 (line 392)
                      ;   {runtime_call throw_null_pointer_exception Runtime1 stub}
  0x00007cc821b81b98: 97ff e881 

  0x00007cc821b81b9c: ; ImmutableOopMap {[208]=Oop [256]=Oop [552]=Oop [272]=Oop rax=Oop }
                      ;*invokevirtual toString {reexecute=0 rethrow=0 return_oop=0}
                      ; - java.lang.String::valueOf@11 (line 4220)
                      ; - org.springframework.beans.factory.support.AbstractBeanFactory::doGetBean@735 (line 393)
                      ;   {runtime_call throw_incompatible_class_change_error Runtime1 stub}
  0x00007cc821b81b9c: e296 ffe8 

  0x00007cc821b81ba0: ; ImmutableOopMap {[256]=Oop [552]=Oop rax=Oop [272]=Oop rsi=Oop [208]=Oop }
                      ;*invokeinterface tag {reexecute=0 rethrow=0 return_oop=0}
                      ; - org.springframework.beans.factory.support.AbstractBeanFactory::doGetBean@738 (line 393)
  0x00007cc821b81ba0: 7c09 97ff 

  0x00007cc821b81ba4: ;   {runtime_call throw_null_pointer_exception Runtime1 stub}
  0x00007cc821b81ba4: e877 e296 

  0x00007cc821b81ba8: ; ImmutableOopMap {[256]=Oop [552]=Oop rsi=Oop [208]=Oop rdi=Oop [272]=Oop }
                      ;*monitorenter {reexecute=0 rethrow=0 return_oop=0}
                      ; - org.springframework.beans.factory.support.AbstractBeanFactory::cleanupAfterBeanCreationFailure@6 (line 1806)
                      ; - org.springframework.beans.factory.support.AbstractBeanFactory::doGetBean@747 (line 394)
  0x00007cc821b81ba8: ff48 897c | 2408 4889 

  0x00007cc821b81bb0: ;   {runtime_call monitorenter_nofpu Runtime1 stub}
  0x00007cc821b81bb0: 1424 e849 

  0x00007cc821b81bb4: ; ImmutableOopMap {[256]=Oop [552]=Oop rsi=Oop [208]=Oop rdi=Oop [272]=Oop [584]=Oop }
                      ;*monitorenter {reexecute=0 rethrow=0 return_oop=0}
                      ; - org.springframework.beans.factory.support.AbstractBeanFactory::cleanupAfterBeanCreationFailure@6 (line 1806)
                      ; - org.springframework.beans.factory.support.AbstractBeanFactory::doGetBean@747 (line 394)
  0x00007cc821b81bb4: 1297 ffe9 | d0f9 ffff | 488d 8424 | 4002 0000 | 4889 0424 

  0x00007cc821b81bc8: ;   {runtime_call monitorexit_nofpu Runtime1 stub}
  0x00007cc821b81bc8: e833 1897 | ffe9 0dfa | ffff 488d | 8424 4002 | 0000 4889 

  0x00007cc821b81bdc: ;   {runtime_call monitorexit_nofpu Runtime1 stub}
  0x00007cc821b81bdc: 0424 e81d | 1897 ffe9 | 50fa ffff 

  0x00007cc821b81be8: ;   {runtime_call throw_incompatible_class_change_error Runtime1 stub}
  0x00007cc821b81be8: e833 0997 

  0x00007cc821b81bec: ; ImmutableOopMap {[256]=Oop rsi=Oop [208]=Oop rax=Oop }
                      ;*invokeinterface end {reexecute=0 rethrow=0 return_oop=0}
                      ; - org.springframework.beans.factory.support.AbstractBeanFactory::doGetBean@757 (line 398)
  0x00007cc821b81bec: ff48 8904 

  0x00007cc821b81bf0: ;   {runtime_call throw_class_cast_exception Runtime1 stub}
  0x00007cc821b81bf0: 24e8 2a06 

  0x00007cc821b81bf4: ; ImmutableOopMap {[256]=Oop [208]=Oop [568]=Oop }
                      ;*checkcast {reexecute=0 rethrow=0 return_oop=0}
                      ; - org.springframework.beans.factory.support.AbstractBeanFactory::clearMergedBeanDefinition@10 (line 1536)
                      ; - org.springframework.beans.factory.support.DefaultListableBeanFactory::clearMergedBeanDefinition@2 (line 993)
                      ; - org.springframework.beans.factory.support.AbstractBeanFactory::doGetBean@772 (line 400)
                      ;   {runtime_call throw_null_pointer_exception Runtime1 stub}
  0x00007cc821b81bf4: 97ff e825 

  0x00007cc821b81bf8: ; ImmutableOopMap {[256]=Oop [208]=Oop [568]=Oop }
                      ;*putfield stale {reexecute=1 rethrow=0 return_oop=0}
                      ; - (reexecute) org.springframework.beans.factory.support.AbstractBeanFactory::clearMergedBeanDefinition@20 (line 1538)
                      ; - org.springframework.beans.factory.support.DefaultListableBeanFactory::clearMergedBeanDefinition@2 (line 993)
                      ; - org.springframework.beans.factory.support.AbstractBeanFactory::doGetBean@772 (line 400)
                      ;   {runtime_call throw_null_pointer_exception Runtime1 stub}
  0x00007cc821b81bf8: e296 ffe8 

  0x00007cc821b81bfc: ; ImmutableOopMap {[240]=Oop [216]=Oop [256]=Oop [208]=Oop [272]=Oop [232]=Oop rax=Oop }
                      ;*invokestatic linkToSpecial {reexecute=0 rethrow=0 return_oop=0}
                      ; - java.lang.invoke.DirectMethodHandle$Holder::newInvokeSpecial@16
                      ; - java.lang.invoke.Invokers$Holder::linkToTargetMethod@5
                      ; - org.springframework.beans.factory.support.AbstractBeanFactory::doGetBean@254 (line 300)
  0x00007cc821b81bfc: 20e2 96ff 

  0x00007cc821b81c00: ;   {runtime_call throw_null_pointer_exception Runtime1 stub}
  0x00007cc821b81c00: e81b e296 

  0x00007cc821b81c04: ; ImmutableOopMap {[240]=Oop [232]=Oop [272]=Oop [208]=Oop [216]=Oop [280]=Oop [256]=Oop rax=Oop }
                      ;*invokestatic linkToSpecial {reexecute=0 rethrow=0 return_oop=0}
                      ; - java.lang.invoke.LambdaForm$DMH/0x00007cc7bc088400::newInvokeSpecial@24
                      ; - java.lang.invoke.Invokers$Holder::linkToTargetMethod@9
                      ; - org.springframework.beans.factory.support.AbstractBeanFactory::doGetBean@471 (line 337)
  0x00007cc821b81c04: ff4c 8bac | 2420 0100 | 0044 8b8c | 24e4 0000 | 00e9 baf7 | ffff 4c8b | 8424 5001 | 0000 e99a 
  0x00007cc821b81c24: f6ff ff4c | 8b84 2450 | 0100 00e9 | 8df6 ffff | 4c8b 8424 | 5001 0000 | e980 f6ff | ff4c 8b84 
  0x00007cc821b81c44: 2450 0100 | 00e9 73f6 | ffff 4c8b | 8424 5001 | 0000 e966 | f6ff ff48 | 8bb4 2428 | 0200 00e9 
  0x00007cc821b81c64: 8ff9 ffff | 4c89 8424 | 0001 0000 | e9db f7ff | ff4c 8984 | 2400 0100 | 00e9 c9f9 | ffff 4c8b 
  0x00007cc821b81c84: 8424 5001 | 0000 e932 | f6ff ff4c | 8b84 2450 | 0100 00e9 | 25f6 ffff | 4c8b 8424 | 5001 0000 
  0x00007cc821b81ca4: e918 f6ff | ff90 9049 | 8b87 d003 | 0000 49c7 | 87d0 0300 | 0000 0000 | 0049 c787 | d803 0000 
  0x00007cc821b81cc4: 0000 0000 | 4881 c460 | 0200 005d 

  0x00007cc821b81cd0: ;   {runtime_call unwind_exception Runtime1 stub}
  0x00007cc821b81cd0: e92b d296 | fff4 f4f4 | f4f4 f4f4 | f4f4 f4f4 
[Stub Code]
  0x00007cc821b81ce0: ;   {no_reloc}
  0x00007cc821b81ce0: 0f1f 4400 

  0x00007cc821b81ce4: ;   {static_stub}
  0x00007cc821b81ce4: 0048 bb00 | 0000 0000 

  0x00007cc821b81cec: ;   {runtime_call}
  0x00007cc821b81cec: 0000 00e9 | fbff ffff 

  0x00007cc821b81cf4: ;   {static_stub}
  0x00007cc821b81cf4: 9048 bb00 | 0000 0000 

  0x00007cc821b81cfc: ;   {runtime_call}
  0x00007cc821b81cfc: 0000 00e9 | fbff ffff 

  0x00007cc821b81d04: ;   {static_stub}
  0x00007cc821b81d04: 9048 bb00 | 0000 0000 

  0x00007cc821b81d0c: ;   {runtime_call}
  0x00007cc821b81d0c: 0000 00e9 | fbff ffff 

  0x00007cc821b81d14: ;   {static_stub}
  0x00007cc821b81d14: 9048 bbd8 | a799 b7c7 

  0x00007cc821b81d1c: ;   {runtime_call I2C/C2I adapters}
  0x00007cc821b81d1c: 7c00 00e9 | 3946 8dff 

  0x00007cc821b81d24: ;   {static_stub}
  0x00007cc821b81d24: 9048 bb00 | 0000 0000 

  0x00007cc821b81d2c: ;   {runtime_call}
  0x00007cc821b81d2c: 0000 00e9 | fbff ffff 

  0x00007cc821b81d34: ;   {static_stub}
  0x00007cc821b81d34: 9048 bb28 | c999 b7c7 

  0x00007cc821b81d3c: ;   {runtime_call I2C/C2I adapters}
  0x00007cc821b81d3c: 7c00 00e9 | 1946 8dff 

  0x00007cc821b81d44: ;   {static_stub}
  0x00007cc821b81d44: 9048 bb00 | 0000 0000 

  0x00007cc821b81d4c: ;   {runtime_call}
  0x00007cc821b81d4c: 0000 00e9 | fbff ffff 

  0x00007cc821b81d54: ;   {static_stub}
  0x00007cc821b81d54: 9048 bb00 | 0000 0000 

  0x00007cc821b81d5c: ;   {runtime_call}
  0x00007cc821b81d5c: 0000 00e9 | fbff ffff 

  0x00007cc821b81d64: ;   {static_stub}
  0x00007cc821b81d64: 9048 bb00 | 0000 0000 

  0x00007cc821b81d6c: ;   {runtime_call}
  0x00007cc821b81d6c: 0000 00e9 | fbff ffff 

  0x00007cc821b81d74: ;   {static_stub}
  0x00007cc821b81d74: 9048 bb58 | ce97 b7c7 

  0x00007cc821b81d7c: ;   {runtime_call I2C/C2I adapters}
  0x00007cc821b81d7c: 7c00 00e9 | 615c 8cff 

  0x00007cc821b81d84: ;   {static_stub}
  0x00007cc821b81d84: 9048 bb80 | 429a b7c7 

  0x00007cc821b81d8c: ;   {runtime_call I2C/C2I adapters}
  0x00007cc821b81d8c: 7c00 00e9 | 515c 8cff 

  0x00007cc821b81d94: ;   {static_stub}
  0x00007cc821b81d94: 9048 bb78 | 3f9a b7c7 

  0x00007cc821b81d9c: ;   {runtime_call I2C/C2I adapters}
  0x00007cc821b81d9c: 7c00 00e9 | 3db9 8cff 

  0x00007cc821b81da4: ;   {static_stub}
  0x00007cc821b81da4: 9048 bb00 | 0000 0000 

  0x00007cc821b81dac: ;   {runtime_call}
  0x00007cc821b81dac: 0000 00e9 | fbff ffff 

  0x00007cc821b81db4: ;   {static_stub}
  0x00007cc821b81db4: 9048 bb00 | 0000 0000 

  0x00007cc821b81dbc: ;   {runtime_call}
  0x00007cc821b81dbc: 0000 00e9 | fbff ffff 

  0x00007cc821b81dc4: ;   {static_stub}
  0x00007cc821b81dc4: 9048 bb00 | 0000 0000 

  0x00007cc821b81dcc: ;   {runtime_call}
  0x00007cc821b81dcc: 0000 00e9 | fbff ffff 

  0x00007cc821b81dd4: ;   {static_stub}
  0x00007cc821b81dd4: 9048 bb00 | 0000 0000 

  0x00007cc821b81ddc: ;   {runtime_call}
  0x00007cc821b81ddc: 0000 00e9 | fbff ffff 

  0x00007cc821b81de4: ;   {static_stub}
  0x00007cc821b81de4: 9048 bb70 | 2f9a b7c7 

  0x00007cc821b81dec: ;   {runtime_call I2C/C2I adapters}
  0x00007cc821b81dec: 7c00 00e9 | edb8 8cff 

  0x00007cc821b81df4: ;   {static_stub}
  0x00007cc821b81df4: 9048 bb00 | 0000 0000 

  0x00007cc821b81dfc: ;   {runtime_call}
  0x00007cc821b81dfc: 0000 00e9 | fbff ffff 

  0x00007cc821b81e04: ;   {static_stub}
  0x00007cc821b81e04: 9048 bb00 | 0000 0000 

  0x00007cc821b81e0c: ;   {runtime_call}
  0x00007cc821b81e0c: 0000 00e9 | fbff ffff 

  0x00007cc821b81e14: ;   {static_stub}
  0x00007cc821b81e14: 9048 bb00 | 0000 0000 

  0x00007cc821b81e1c: ;   {runtime_call}
  0x00007cc821b81e1c: 0000 00e9 | fbff ffff 

  0x00007cc821b81e24: ;   {static_stub}
  0x00007cc821b81e24: 9048 bb00 | 0000 0000 

  0x00007cc821b81e2c: ;   {runtime_call}
  0x00007cc821b81e2c: 0000 00e9 | fbff ffff 

  0x00007cc821b81e34: ;   {static_stub}
  0x00007cc821b81e34: 9048 bb00 | 0000 0000 

  0x00007cc821b81e3c: ;   {runtime_call}
  0x00007cc821b81e3c: 0000 00e9 | fbff ffff 

  0x00007cc821b81e44: ;   {static_stub}
  0x00007cc821b81e44: 9048 bb00 | 0000 0000 

  0x00007cc821b81e4c: ;   {runtime_call}
  0x00007cc821b81e4c: 0000 00e9 | fbff ffff 

  0x00007cc821b81e54: ;   {static_stub}
  0x00007cc821b81e54: 9048 bb00 | 0000 0000 

  0x00007cc821b81e5c: ;   {runtime_call}
  0x00007cc821b81e5c: 0000 00e9 | fbff ffff 

  0x00007cc821b81e64: ;   {static_stub}
  0x00007cc821b81e64: 9048 bb00 | 0000 0000 

  0x00007cc821b81e6c: ;   {runtime_call}
  0x00007cc821b81e6c: 0000 00e9 | fbff ffff 

  0x00007cc821b81e74: ;   {static_stub}
  0x00007cc821b81e74: 9048 bb00 | 0000 0000 

  0x00007cc821b81e7c: ;   {runtime_call}
  0x00007cc821b81e7c: 0000 00e9 | fbff ffff 

  0x00007cc821b81e84: ;   {static_stub}
  0x00007cc821b81e84: 9048 bb00 | 0000 0000 

  0x00007cc821b81e8c: ;   {runtime_call}
  0x00007cc821b81e8c: 0000 00e9 | fbff ffff 

  0x00007cc821b81e94: ;   {static_stub}
  0x00007cc821b81e94: 9048 bb00 | 0000 0000 

  0x00007cc821b81e9c: ;   {runtime_call}
  0x00007cc821b81e9c: 0000 00e9 | fbff ffff 

  0x00007cc821b81ea4: ;   {static_stub}
  0x00007cc821b81ea4: 9048 bb00 | 0000 0000 

  0x00007cc821b81eac: ;   {runtime_call}
  0x00007cc821b81eac: 0000 00e9 | fbff ffff 

  0x00007cc821b81eb4: ;   {static_stub}
  0x00007cc821b81eb4: 9048 bb00 | 0000 0000 

  0x00007cc821b81ebc: ;   {runtime_call}
  0x00007cc821b81ebc: 0000 00e9 | fbff ffff 

  0x00007cc821b81ec4: ;   {static_stub}
  0x00007cc821b81ec4: 9048 bb00 | 0000 0000 

  0x00007cc821b81ecc: ;   {runtime_call}
  0x00007cc821b81ecc: 0000 00e9 | fbff ffff 

  0x00007cc821b81ed4: ;   {static_stub}
  0x00007cc821b81ed4: 9048 bb00 | 0000 0000 

  0x00007cc821b81edc: ;   {runtime_call}
  0x00007cc821b81edc: 0000 00e9 | fbff ffff 

  0x00007cc821b81ee4: ;   {static_stub}
  0x00007cc821b81ee4: 9048 bb00 | 0000 0000 

  0x00007cc821b81eec: ;   {runtime_call}
  0x00007cc821b81eec: 0000 00e9 | fbff ffff 

  0x00007cc821b81ef4: ;   {static_stub}
  0x00007cc821b81ef4: 9048 bb00 | 0000 0000 

  0x00007cc821b81efc: ;   {runtime_call}
  0x00007cc821b81efc: 0000 00e9 | fbff ffff 

  0x00007cc821b81f04: ;   {static_stub}
  0x00007cc821b81f04: 9048 bb00 | 0000 0000 

  0x00007cc821b81f0c: ;   {runtime_call}
  0x00007cc821b81f0c: 0000 00e9 | fbff ffff 

  0x00007cc821b81f14: ;   {static_stub}
  0x00007cc821b81f14: 9048 bb00 | 0000 0000 

  0x00007cc821b81f1c: ;   {runtime_call}
  0x00007cc821b81f1c: 0000 00e9 | fbff ffff 

  0x00007cc821b81f24: ;   {static_stub}
  0x00007cc821b81f24: 9048 bb00 | 0000 0000 

  0x00007cc821b81f2c: ;   {runtime_call}
  0x00007cc821b81f2c: 0000 00e9 | fbff ffff 

  0x00007cc821b81f34: ;   {static_stub}
  0x00007cc821b81f34: 9048 bb00 | 0000 0000 

  0x00007cc821b81f3c: ;   {runtime_call}
  0x00007cc821b81f3c: 0000 00e9 | fbff ffff 

  0x00007cc821b81f44: ;   {static_stub}
  0x00007cc821b81f44: 9048 bb00 | 0000 0000 

  0x00007cc821b81f4c: ;   {runtime_call}
  0x00007cc821b81f4c: 0000 00e9 | fbff ffff 

  0x00007cc821b81f54: ;   {static_stub}
  0x00007cc821b81f54: 9048 bb00 | 0000 0000 

  0x00007cc821b81f5c: ;   {runtime_call}
  0x00007cc821b81f5c: 0000 00e9 | fbff ffff 

  0x00007cc821b81f64: ;   {static_stub}
  0x00007cc821b81f64: 9048 bb00 | 0000 0000 

  0x00007cc821b81f6c: ;   {runtime_call}
  0x00007cc821b81f6c: 0000 00e9 | fbff ffff 

  0x00007cc821b81f74: ;   {static_stub}
  0x00007cc821b81f74: 9048 bb00 | 0000 0000 

  0x00007cc821b81f7c: ;   {runtime_call}
  0x00007cc821b81f7c: 0000 00e9 | fbff ffff 

  0x00007cc821b81f84: ;   {static_stub}
  0x00007cc821b81f84: 9048 bb00 | 0000 0000 

  0x00007cc821b81f8c: ;   {runtime_call}
  0x00007cc821b81f8c: 0000 00e9 | fbff ffff 

  0x00007cc821b81f94: ;   {static_stub}
  0x00007cc821b81f94: 9048 bb00 | 0000 0000 

  0x00007cc821b81f9c: ;   {runtime_call}
  0x00007cc821b81f9c: 0000 00e9 | fbff ffff 

  0x00007cc821b81fa4: ;   {static_stub}
  0x00007cc821b81fa4: 9048 bb00 | 0000 0000 

  0x00007cc821b81fac: ;   {runtime_call}
  0x00007cc821b81fac: 0000 00e9 | fbff ffff 

  0x00007cc821b81fb4: ;   {static_stub}
  0x00007cc821b81fb4: 9048 bb00 | 0000 0000 

  0x00007cc821b81fbc: ;   {runtime_call}
  0x00007cc821b81fbc: 0000 00e9 | fbff ffff 

  0x00007cc821b81fc4: ;   {static_stub}
  0x00007cc821b81fc4: 9048 bb00 | 0000 0000 

  0x00007cc821b81fcc: ;   {runtime_call}
  0x00007cc821b81fcc: 0000 00e9 | fbff ffff 

  0x00007cc821b81fd4: ;   {static_stub}
  0x00007cc821b81fd4: 9048 bb00 | 0000 0000 

  0x00007cc821b81fdc: ;   {runtime_call}
  0x00007cc821b81fdc: 0000 00e9 | fbff ffff 

  0x00007cc821b81fe4: ;   {static_stub}
  0x00007cc821b81fe4: 9048 bb00 | 0000 0000 

  0x00007cc821b81fec: ;   {runtime_call}
  0x00007cc821b81fec: 0000 00e9 | fbff ffff 

  0x00007cc821b81ff4: ;   {static_stub}
  0x00007cc821b81ff4: 9048 bb00 | 0000 0000 

  0x00007cc821b81ffc: ;   {runtime_call}
  0x00007cc821b81ffc: 0000 00e9 | fbff ffff 

  0x00007cc821b82004: ;   {static_stub}
  0x00007cc821b82004: 9048 bb00 | 0000 0000 

  0x00007cc821b8200c: ;   {runtime_call}
  0x00007cc821b8200c: 0000 00e9 | fbff ffff 

  0x00007cc821b82014: ;   {static_stub}
  0x00007cc821b82014: 9048 bb00 | 0000 0000 

  0x00007cc821b8201c: ;   {runtime_call}
  0x00007cc821b8201c: 0000 00e9 | fbff ffff 

  0x00007cc821b82024: ;   {static_stub}
  0x00007cc821b82024: 9048 bb00 | 0000 0000 

  0x00007cc821b8202c: ;   {runtime_call}
  0x00007cc821b8202c: 0000 00e9 | fbff ffff 

  0x00007cc821b82034: ;   {static_stub}
  0x00007cc821b82034: 9048 bb00 | 0000 0000 

  0x00007cc821b8203c: ;   {runtime_call}
  0x00007cc821b8203c: 0000 00e9 | fbff ffff 

  0x00007cc821b82044: ;   {static_stub}
  0x00007cc821b82044: 9048 bb00 | 0000 0000 

  0x00007cc821b8204c: ;   {runtime_call}
  0x00007cc821b8204c: 0000 00e9 | fbff ffff 

  0x00007cc821b82054: ;   {static_stub}
  0x00007cc821b82054: 9048 bb00 | 0000 0000 

  0x00007cc821b8205c: ;   {runtime_call}
  0x00007cc821b8205c: 0000 00e9 | fbff ffff 

  0x00007cc821b82064: ;   {static_stub}
  0x00007cc821b82064: 9048 bb00 | 0000 0000 

  0x00007cc821b8206c: ;   {runtime_call}
  0x00007cc821b8206c: 0000 00e9 | fbff ffff 

  0x00007cc821b82074: ;   {static_stub}
  0x00007cc821b82074: 9048 bb00 | 0000 0000 

  0x00007cc821b8207c: ;   {runtime_call}
  0x00007cc821b8207c: 0000 00e9 | fbff ffff 

  0x00007cc821b82084: ;   {static_stub}
  0x00007cc821b82084: 9048 bb00 | 0000 0000 

  0x00007cc821b8208c: ;   {runtime_call}
  0x00007cc821b8208c: 0000 00e9 | fbff ffff 

  0x00007cc821b82094: ;   {static_stub}
  0x00007cc821b82094: 9048 bb00 | 0000 0000 

  0x00007cc821b8209c: ;   {runtime_call}
  0x00007cc821b8209c: 0000 00e9 | fbff ffff 

  0x00007cc821b820a4: ;   {static_stub}
  0x00007cc821b820a4: 9048 bb00 | 0000 0000 

  0x00007cc821b820ac: ;   {runtime_call}
  0x00007cc821b820ac: 0000 00e9 | fbff ffff 

  0x00007cc821b820b4: ;   {static_stub}
  0x00007cc821b820b4: 9048 bb00 | 0000 0000 

  0x00007cc821b820bc: ;   {runtime_call}
  0x00007cc821b820bc: 0000 00e9 | fbff ffff 

  0x00007cc821b820c4: ;   {static_stub}
  0x00007cc821b820c4: 9048 bb00 | 0000 0000 

  0x00007cc821b820cc: ;   {runtime_call}
  0x00007cc821b820cc: 0000 00e9 | fbff ffff 

  0x00007cc821b820d4: ;   {static_stub}
  0x00007cc821b820d4: 9048 bb00 | 0000 0000 

  0x00007cc821b820dc: ;   {runtime_call}
  0x00007cc821b820dc: 0000 00e9 | fbff ffff 

  0x00007cc821b820e4: ;   {static_stub}
  0x00007cc821b820e4: 9048 bb00 | 0000 0000 

  0x00007cc821b820ec: ;   {runtime_call}
  0x00007cc821b820ec: 0000 00e9 | fbff ffff 

  0x00007cc821b820f4: ;   {static_stub}
  0x00007cc821b820f4: 9048 bb00 | 0000 0000 

  0x00007cc821b820fc: ;   {runtime_call}
  0x00007cc821b820fc: 0000 00e9 | fbff ffff 

  0x00007cc821b82104: ;   {static_stub}
  0x00007cc821b82104: 9048 bb00 | 0000 0000 

  0x00007cc821b8210c: ;   {runtime_call}
  0x00007cc821b8210c: 0000 00e9 | fbff ffff 

  0x00007cc821b82114: ;   {static_stub}
  0x00007cc821b82114: 9048 bb00 | 0000 0000 

  0x00007cc821b8211c: ;   {runtime_call}
  0x00007cc821b8211c: 0000 00e9 | fbff ffff 

  0x00007cc821b82124: ;   {static_stub}
  0x00007cc821b82124: 9048 bb00 | 0000 0000 

  0x00007cc821b8212c: ;   {runtime_call}
  0x00007cc821b8212c: 0000 00e9 | fbff ffff 

  0x00007cc821b82134: ;   {static_stub}
  0x00007cc821b82134: 9048 bb00 | 0000 0000 

  0x00007cc821b8213c: ;   {runtime_call}
  0x00007cc821b8213c: 0000 00e9 | fbff ffff 

  0x00007cc821b82144: ;   {static_stub}
  0x00007cc821b82144: 9048 bb00 | 0000 0000 

  0x00007cc821b8214c: ;   {runtime_call}
  0x00007cc821b8214c: 0000 00e9 | fbff ffff 

  0x00007cc821b82154: ;   {static_stub}
  0x00007cc821b82154: 9048 bb00 | 0000 0000 

  0x00007cc821b8215c: ;   {runtime_call}
  0x00007cc821b8215c: 0000 00e9 | fbff ffff 

  0x00007cc821b82164: ;   {static_stub}
  0x00007cc821b82164: 9048 bb00 | 0000 0000 

  0x00007cc821b8216c: ;   {runtime_call}
  0x00007cc821b8216c: 0000 00e9 | fbff ffff 

  0x00007cc821b82174: ;   {static_stub}
  0x00007cc821b82174: 9048 bb00 | 0000 0000 

  0x00007cc821b8217c: ;   {runtime_call}
  0x00007cc821b8217c: 0000 00e9 | fbff ffff 

  0x00007cc821b82184: ;   {static_stub}
  0x00007cc821b82184: 9048 bb00 | 0000 0000 

  0x00007cc821b8218c: ;   {runtime_call}
  0x00007cc821b8218c: 0000 00e9 | fbff ffff 

  0x00007cc821b82194: ;   {static_stub}
  0x00007cc821b82194: 9048 bb00 | 0000 0000 

  0x00007cc821b8219c: ;   {runtime_call}
  0x00007cc821b8219c: 0000 00e9 | fbff ffff 

  0x00007cc821b821a4: ;   {static_stub}
  0x00007cc821b821a4: 9048 bb60 | 1c00 bbc7 

  0x00007cc821b821ac: ;   {runtime_call I2C/C2I adapters}
  0x00007cc821b821ac: 7c00 00e9 | a538 8dff 

  0x00007cc821b821b4: ;   {static_stub}
  0x00007cc821b821b4: 9048 bb00 | 0000 0000 

  0x00007cc821b821bc: ;   {runtime_call}
  0x00007cc821b821bc: 0000 00e9 | fbff ffff 

  0x00007cc821b821c4: ;   {static_stub}
  0x00007cc821b821c4: 9048 bb00 | 0000 0000 

  0x00007cc821b821cc: ;   {runtime_call}
  0x00007cc821b821cc: 0000 00e9 | fbff ffff 

  0x00007cc821b821d4: ;   {static_stub}
  0x00007cc821b821d4: 9048 bb00 | 0000 0000 

  0x00007cc821b821dc: ;   {runtime_call}
  0x00007cc821b821dc: 0000 00e9 | fbff ffff 

  0x00007cc821b821e4: ;   {static_stub}
  0x00007cc821b821e4: 9048 bb00 | 0000 0000 

  0x00007cc821b821ec: ;   {runtime_call}
  0x00007cc821b821ec: 0000 00e9 | fbff ffff 
[Exception Handler]
  0x00007cc821b821f4: ;   {runtime_call handle_exception_from_callee Runtime1 stub}
  0x00007cc821b821f4: e807 fa96 

  0x00007cc821b821f8: ;   {external_word}
  0x00007cc821b821f8: ff48 bfe2 | efe2 32c8 | 7c00 0048 

  0x00007cc821b82204: ;   {runtime_call MacroAssembler::debug64(char*, long, long*)}
  0x00007cc821b82204: 83e4 f0e8 | 34c2 dd10 

  0x00007cc821b8220c: ;   {section_word}
  0x00007cc821b8220c: f449 ba0d | 22b8 21c8 | 7c00 0041 

  0x00007cc821b82218: ;   {runtime_call DeoptimizationBlob}
  0x00007cc821b82218: 52e9 8247 | 8dff f4f4 
[/MachCode]


Compiled method (c1) 5936 2787       1       org.springframework.beans.factory.support.AbstractBeanFactory::getBean (9 bytes)
 total in heap  [0x00007cc821af8e90,0x00007cc821af9188] = 760
 relocation     [0x00007cc821af8ff0,0x00007cc821af9028] = 56
 main code      [0x00007cc821af9040,0x00007cc821af90e0] = 160
 stub code      [0x00007cc821af90e0,0x00007cc821af9120] = 64
 oops           [0x00007cc821af9120,0x00007cc821af9128] = 8
 metadata       [0x00007cc821af9128,0x00007cc821af9140] = 24
 scopes data    [0x00007cc821af9140,0x00007cc821af9150] = 16
 scopes pcs     [0x00007cc821af9150,0x00007cc821af9180] = 48
 dependencies   [0x00007cc821af9180,0x00007cc821af9188] = 8

[Constant Pool (empty)]

[MachCode]
[Entry Point]
  # {method} {0x00007cc7b7996570} 'getBean' '(Ljava/lang/String;Ljava/lang/Class;)Ljava/lang/Object;' in 'org/springframework/beans/factory/support/AbstractBeanFactory'
  # this:     rsi:rsi   = 'org/springframework/beans/factory/support/AbstractBeanFactory'
  # parm0:    rdx:rdx   = 'java/lang/String'
  # parm1:    rcx:rcx   = 'java/lang/Class'
  #           [sp+0x50]  (sp of caller)
  0x00007cc821af9040: 448b 5608 | 49bb 0000 | 00bb c77c | 0000 4d03 | d34c 3bd0 

  0x00007cc821af9054: ;   {runtime_call ic_miss_stub}
  0x00007cc821af9054: 0f85 267d | 95ff 660f | 1f44 0000 
[Verified Entry Point]
  0x00007cc821af9060: 8984 2400 | c0fe ff55 | 4883 ec40 

  0x00007cc821af906c: ;   {oop(NULL)}
  0x00007cc821af906c: 49b8 0000 | 0000 0000 | 0000 41b9 | 0000 0000 

  0x00007cc821af907c: ;   {optimized virtual_call}
  0x00007cc821af907c: 6666 90e8 

  0x00007cc821af9080: ; ImmutableOopMap {}
                      ;*invokevirtual doGetBean {reexecute=0 rethrow=0 return_oop=0}
                      ; - org.springframework.beans.factory.support.AbstractBeanFactory::getBean@5 (line 207)
  0x00007cc821af9080: dc6a 0800 | 4883 c440 

  0x00007cc821af9088: ;   {poll_return}
  0x00007cc821af9088: 5d49 3ba7 | 4003 0000 | 0f87 0100 

  0x00007cc821af9094: ;   {internal_word}
  0x00007cc821af9094: 0000 c349 | ba89 90af | 21c8 7c00 | 004d 8997 | 5803 0000 

  0x00007cc821af90a8: ;   {runtime_call SafepointBlob}
  0x00007cc821af90a8: e953 e695 | ff90 9049 | 8b87 d003 | 0000 49c7 | 87d0 0300 | 0000 0000 | 0049 c787 | d803 0000 
  0x00007cc821af90c8: 0000 0000 | 4883 c440 

  0x00007cc821af90d0: ;   {runtime_call unwind_exception Runtime1 stub}
  0x00007cc821af90d0: 5de9 2a5e | 9fff f4f4 | f4f4 f4f4 | f4f4 f4f4 
[Stub Code]
  0x00007cc821af90e0: ;   {no_reloc}
  0x00007cc821af90e0: 0f1f 4400 

  0x00007cc821af90e4: ;   {static_stub}
  0x00007cc821af90e4: 0048 bb00 | 0000 0000 

  0x00007cc821af90ec: ;   {runtime_call}
  0x00007cc821af90ec: 0000 00e9 | fbff ffff 
[Exception Handler]
  0x00007cc821af90f4: ;   {runtime_call handle_exception_from_callee Runtime1 stub}
  0x00007cc821af90f4: e807 8b9f 

  0x00007cc821af90f8: ;   {external_word}
  0x00007cc821af90f8: ff48 bfe2 | efe2 32c8 | 7c00 0048 

  0x00007cc821af9104: ;   {runtime_call MacroAssembler::debug64(char*, long, long*)}
  0x00007cc821af9104: 83e4 f0e8 | 3453 e610 

  0x00007cc821af910c: ;   {section_word}
  0x00007cc821af910c: f449 ba0d | 91af 21c8 | 7c00 0041 

  0x00007cc821af9118: ;   {runtime_call DeoptimizationBlob}
  0x00007cc821af9118: 52e9 82d8 | 95ff f4f4 
[/MachCode]


---------------  P R O C E S S  ---------------

Threads class SMR info:
_java_thread_list=0x00007cc75c006660, length=16, elements={
0x00007cc82c01a260, 0x00007cc82c157ca0, 0x00007cc82c159090, 0x00007cc82c15e610,
0x00007cc82c15f9d0, 0x00007cc82c160df0, 0x00007cc82c162370, 0x00007cc82c1637e0,
0x00007cc82c16b8a0, 0x00007cc82c16f3c0, 0x00007cc7980a4390, 0x00007cc7981d4a50,
0x00007cc7981d5ba0, 0x00007cc82d26b870, 0x00007cc82d273fa0, 0x00007cc75c005660
}

Java Threads: ( => current thread )
=>0x00007cc82c01a260 JavaThread "main" [_thread_in_vm, id=52507, stack(0x00007cc831900000,0x00007cc831a00000)]
  0x00007cc82c157ca0 JavaThread "Reference Handler" daemon [_thread_blocked, id=52515, stack(0x00007cc80b829000,0x00007cc80b929000)]
  0x00007cc82c159090 JavaThread "Finalizer" daemon [_thread_blocked, id=52516, stack(0x00007cc80b729000,0x00007cc80b829000)]
  0x00007cc82c15e610 JavaThread "Signal Dispatcher" daemon [_thread_blocked, id=52517, stack(0x00007cc80b629000,0x00007cc80b729000)]
  0x00007cc82c15f9d0 JavaThread "Service Thread" daemon [_thread_blocked, id=52518, stack(0x00007cc80af00000,0x00007cc80b000000)]
  0x00007cc82c160df0 JavaThread "Monitor Deflation Thread" daemon [_thread_blocked, id=52519, stack(0x00007cc80ae00000,0x00007cc80af00000)]
  0x00007cc82c162370 JavaThread "C1 CompilerThread0" daemon [_thread_blocked, id=52520, stack(0x00007cc80ad00000,0x00007cc80ae00000)]
  0x00007cc82c1637e0 JavaThread "Sweeper thread" daemon [_thread_blocked, id=52521, stack(0x00007cc80ac00000,0x00007cc80ad00000)]
  0x00007cc82c16b8a0 JavaThread "Notification Thread" daemon [_thread_blocked, id=52522, stack(0x00007cc80ab00000,0x00007cc80ac00000)]
  0x00007cc82c16f3c0 JavaThread "Common-Cleaner" daemon [_thread_blocked, id=52524, stack(0x00007cc80a8ff000,0x00007cc80a9ff000)]
  0x00007cc7980a4390 JavaThread "C1 CompilerThread1" daemon [_thread_blocked, id=52525, stack(0x00007cc80a7ff000,0x00007cc80a8ff000)]
  0x00007cc7981d4a50 JavaThread "C1 CompilerThread2" daemon [_thread_blocked, id=52526, stack(0x00007cc80a6ff000,0x00007cc80a7ff000)]
  0x00007cc7981d5ba0 JavaThread "C1 CompilerThread3" daemon [_thread_blocked, id=52527, stack(0x00007cc80a5ff000,0x00007cc80a6ff000)]
  0x00007cc82d26b870 JavaThread "Cleaner-0" daemon [_thread_blocked, id=52539, stack(0x00007cc80a0fb000,0x00007cc80a1fb000)]
  0x00007cc82d273fa0 JavaThread "HikariPool-1:housekeeper" daemon [_thread_blocked, id=52540, stack(0x00007cc809cf8000,0x00007cc809df8000)]
  0x00007cc75c005660 JavaThread "HikariPool-1:connection-adder" daemon [_thread_blocked, id=52541, stack(0x00007cc809af7000,0x00007cc809bf7000)]

Other Threads:
  0x00007cc82c153e00 VMThread "VM Thread" [stack: 0x00007cc80b92a000,0x00007cc80ba2a000] [id=52514]
  0x00007cc82c16d200 WatcherThread [stack: 0x00007cc80aa00000,0x00007cc80ab00000] [id=52523]
  0x00007cc82c0792a0 GCTaskThread "GC Thread#0" [stack: 0x00007cc830286000,0x00007cc830386000] [id=52508]
  0x00007cc800005c80 GCTaskThread "GC Thread#1" [stack: 0x00007cc80a4ff000,0x00007cc80a5ff000] [id=52528]
  0x00007cc8000066a0 GCTaskThread "GC Thread#2" [stack: 0x00007cc80a3fe000,0x00007cc80a4fe000] [id=52529]
  0x00007cc8000074b0 GCTaskThread "GC Thread#3" [stack: 0x00007cc80a2fd000,0x00007cc80a3fd000] [id=52530]
  0x00007cc8000082c0 GCTaskThread "GC Thread#4" [stack: 0x00007cc80a1fc000,0x00007cc80a2fc000] [id=52531]
  0x00007cc80000c6e0 GCTaskThread "GC Thread#5" [stack: 0x00007cc809ffb000,0x00007cc80a0fb000] [id=52533]
  0x00007cc80000cfd0 GCTaskThread "GC Thread#6" [stack: 0x00007cc809efa000,0x00007cc809ffa000] [id=52534]
  0x00007cc80000fad0 GCTaskThread "GC Thread#7" [stack: 0x00007cc809df9000,0x00007cc809ef9000] [id=52535]
  0x00007cc82c087910 ConcurrentGCThread "G1 Main Marker" [stack: 0x00007cc830185000,0x00007cc830285000] [id=52509]
  0x00007cc82c088890 ConcurrentGCThread "G1 Conc#0" [stack: 0x00007cc830084000,0x00007cc830184000] [id=52510]
  0x00007cc80c000e70 ConcurrentGCThread "G1 Conc#1" [stack: 0x00007cc809bf8000,0x00007cc809cf8000] [id=52537]
  0x00007cc82c126060 ConcurrentGCThread "G1 Refine#0" [stack: 0x00007cc80bbfd000,0x00007cc80bcfd000] [id=52512]
  0x00007cc82c126f70 ConcurrentGCThread "G1 Service" [stack: 0x00007cc80bafc000,0x00007cc80bbfc000] [id=52513]

Threads with active compile tasks:

VM state: not at safepoint (normal execution)

VM Mutex/Monitor currently owned by a thread: None

Heap address: 0x000000072fa00000, size: 3334 MB, Compressed Oops mode: Zero based, Oop shift amount: 3

CDS archive(s) mapped at: [0x00007cc7bb000000-0x00007cc7bbbca000-0x00007cc7bbbca000), size 12361728, SharedBaseAddress: 0x00007cc7bb000000, ArchiveRelocationMode: 1.
Compressed class space mapped at: 0x00007cc7bc000000-0x00007cc7fc000000, reserved size: 1073741824
Narrow klass base: 0x00007cc7bb000000, Narrow klass shift: 0, Narrow klass range: 0x100000000

GC Precious Log:
 CPUs: 8 total, 8 available
 Memory: 13332M
 Large Page Support: Disabled
 NUMA Support: Disabled
 Compressed Oops: Enabled (Zero based)
 Heap Region Size: 2M
 Heap Min Capacity: 8M
 Heap Initial Capacity: 210M
 Heap Max Capacity: 3334M
 Pre-touch: Disabled
 Parallel Workers: 8
 Concurrent Workers: 2
 Concurrent Refinement Workers: 8
 Periodic GC: Disabled

Heap:
 garbage-first heap   total 110592K, used 58302K [0x000000072fa00000, 0x0000000800000000)
  region size 2048K, 18 young (36864K), 3 survivors (6144K)
 Metaspace       used 56656K, committed 57216K, reserved 1114112K
  class space    used 8221K, committed 8448K, reserved 1048576K

Heap Regions: E=young(eden), S=young(survivor), O=old, HS=humongous(starts), HC=humongous(continues), CS=collection set, F=free, OA=open archive, CA=closed archive, TAMS=top-at-mark-start (previous, next)
|   0|0x000000072fa00000, 0x000000072fc00000, 0x000000072fc00000|100%| O|  |TAMS 0x000000072fc00000, 0x000000072fa00000| Untracked 
|   1|0x000000072fc00000, 0x000000072fe00000, 0x000000072fe00000|100%| O|  |TAMS 0x000000072fe00000, 0x000000072fc00000| Untracked 
|   2|0x000000072fe00000, 0x0000000730000000, 0x0000000730000000|100%| O|  |TAMS 0x0000000730000000, 0x000000072fe00000| Untracked 
|   3|0x0000000730000000, 0x00000007301a2c00, 0x0000000730200000| 81%| O|  |TAMS 0x00000007301a2c00, 0x0000000730000000| Untracked 
|   4|0x0000000730200000, 0x0000000730400000, 0x0000000730400000|100%| O|  |TAMS 0x0000000730400000, 0x0000000730200000| Untracked 
|   5|0x0000000730400000, 0x0000000730600000, 0x0000000730600000|100%| O|  |TAMS 0x0000000730600000, 0x0000000730400000| Untracked 
|   6|0x0000000730600000, 0x0000000730800000, 0x0000000730800000|100%| O|  |TAMS 0x0000000730800000, 0x0000000730600000| Untracked 
|   7|0x0000000730800000, 0x0000000730a00000, 0x0000000730a00000|100%| O|  |TAMS 0x0000000730a00000, 0x0000000730800000| Untracked 
|   8|0x0000000730a00000, 0x0000000730c00000, 0x0000000730c00000|100%| O|  |TAMS 0x0000000730bcca00, 0x0000000730a00000| Untracked 
|   9|0x0000000730c00000, 0x0000000730e00000, 0x0000000730e00000|100%| O|  |TAMS 0x0000000730c00000, 0x0000000730c00000| Untracked 
|  10|0x0000000730e00000, 0x0000000731000000, 0x0000000731000000|100%| O|  |TAMS 0x0000000730e00000, 0x0000000730e00000| Untracked 
|  11|0x0000000731000000, 0x0000000731086600, 0x0000000731200000| 26%| O|  |TAMS 0x0000000731000000, 0x0000000731000000| Untracked 
|  12|0x0000000731200000, 0x0000000731200000, 0x0000000731400000|  0%| F|  |TAMS 0x0000000731200000, 0x0000000731200000| Untracked 
|  13|0x0000000731400000, 0x0000000731400000, 0x0000000731600000|  0%| F|  |TAMS 0x0000000731400000, 0x0000000731400000| Untracked 
|  14|0x0000000731600000, 0x0000000731600000, 0x0000000731800000|  0%| F|  |TAMS 0x0000000731600000, 0x0000000731600000| Untracked 
|  15|0x0000000731800000, 0x0000000731800000, 0x0000000731a00000|  0%| F|  |TAMS 0x0000000731800000, 0x0000000731800000| Untracked 
|  16|0x0000000731a00000, 0x0000000731a00000, 0x0000000731c00000|  0%| F|  |TAMS 0x0000000731a00000, 0x0000000731a00000| Untracked 
|  17|0x0000000731c00000, 0x0000000731c00000, 0x0000000731e00000|  0%| F|  |TAMS 0x0000000731c00000, 0x0000000731c00000| Untracked 
|  18|0x0000000731e00000, 0x0000000731e00000, 0x0000000732000000|  0%| F|  |TAMS 0x0000000731e00000, 0x0000000731e00000| Untracked 
|  19|0x0000000732000000, 0x00000007320d9790, 0x0000000732200000| 42%| S|CS|TAMS 0x0000000732000000, 0x0000000732000000| Complete 
|  20|0x0000000732200000, 0x0000000732400000, 0x0000000732400000|100%| S|CS|TAMS 0x0000000732200000, 0x0000000732200000| Complete 
|  21|0x0000000732400000, 0x0000000732400000, 0x0000000732600000|  0%| F|  |TAMS 0x0000000732400000, 0x0000000732400000| Untracked 
|  22|0x0000000732600000, 0x0000000732600000, 0x0000000732800000|  0%| F|  |TAMS 0x0000000732600000, 0x0000000732600000| Untracked 
|  23|0x0000000732800000, 0x0000000732a00000, 0x0000000732a00000|100%| S|CS|TAMS 0x0000000732800000, 0x0000000732800000| Complete 
|  24|0x0000000732a00000, 0x0000000732a00000, 0x0000000732c00000|  0%| F|  |TAMS 0x0000000732a00000, 0x0000000732a00000| Untracked 
|  25|0x0000000732c00000, 0x0000000732c00000, 0x0000000732e00000|  0%| F|  |TAMS 0x0000000732c00000, 0x0000000732c00000| Untracked 
|  26|0x0000000732e00000, 0x0000000732e00000, 0x0000000733000000|  0%| F|  |TAMS 0x0000000732e00000, 0x0000000732e00000| Untracked 
|  27|0x0000000733000000, 0x0000000733000000, 0x0000000733200000|  0%| F|  |TAMS 0x0000000733000000, 0x0000000733000000| Untracked 
|  28|0x0000000733200000, 0x0000000733200000, 0x0000000733400000|  0%| F|  |TAMS 0x0000000733200000, 0x0000000733200000| Untracked 
|  29|0x0000000733400000, 0x0000000733400000, 0x0000000733600000|  0%| F|  |TAMS 0x0000000733400000, 0x0000000733400000| Untracked 
|  30|0x0000000733600000, 0x0000000733600000, 0x0000000733800000|  0%| F|  |TAMS 0x0000000733600000, 0x0000000733600000| Untracked 
|  31|0x0000000733800000, 0x0000000733800000, 0x0000000733a00000|  0%| F|  |TAMS 0x0000000733800000, 0x0000000733800000| Untracked 
|  32|0x0000000733a00000, 0x0000000733a00000, 0x0000000733c00000|  0%| F|  |TAMS 0x0000000733a00000, 0x0000000733a00000| Untracked 
|  33|0x0000000733c00000, 0x0000000733c00000, 0x0000000733e00000|  0%| F|  |TAMS 0x0000000733c00000, 0x0000000733c00000| Untracked 
|  34|0x0000000733e00000, 0x0000000733e00000, 0x0000000734000000|  0%| F|  |TAMS 0x0000000733e00000, 0x0000000733e00000| Untracked 
|  35|0x0000000734000000, 0x0000000734000000, 0x0000000734200000|  0%| F|  |TAMS 0x0000000734000000, 0x0000000734000000| Untracked 
|  36|0x0000000734200000, 0x0000000734200000, 0x0000000734400000|  0%| F|  |TAMS 0x0000000734200000, 0x0000000734200000| Untracked 
|  37|0x0000000734400000, 0x0000000734600000, 0x0000000734600000|100%| E|  |TAMS 0x0000000734400000, 0x0000000734400000| Complete 
|  38|0x0000000734600000, 0x0000000734800000, 0x0000000734800000|100%| E|CS|TAMS 0x0000000734600000, 0x0000000734600000| Complete 
|  39|0x0000000734800000, 0x0000000734a00000, 0x0000000734a00000|100%| E|CS|TAMS 0x0000000734800000, 0x0000000734800000| Complete 
|  40|0x0000000734a00000, 0x0000000734c00000, 0x0000000734c00000|100%| E|CS|TAMS 0x0000000734a00000, 0x0000000734a00000| Complete 
|  41|0x0000000734c00000, 0x0000000734e00000, 0x0000000734e00000|100%| E|CS|TAMS 0x0000000734c00000, 0x0000000734c00000| Complete 
|  42|0x0000000734e00000, 0x0000000735000000, 0x0000000735000000|100%| E|CS|TAMS 0x0000000734e00000, 0x0000000734e00000| Complete 
|  43|0x0000000735000000, 0x0000000735200000, 0x0000000735200000|100%| E|CS|TAMS 0x0000000735000000, 0x0000000735000000| Complete 
|  44|0x0000000735200000, 0x0000000735400000, 0x0000000735400000|100%| E|CS|TAMS 0x0000000735200000, 0x0000000735200000| Complete 
|  45|0x0000000735400000, 0x0000000735600000, 0x0000000735600000|100%| E|CS|TAMS 0x0000000735400000, 0x0000000735400000| Complete 
|  46|0x0000000735600000, 0x0000000735800000, 0x0000000735800000|100%| E|CS|TAMS 0x0000000735600000, 0x0000000735600000| Complete 
|  86|0x000000073a600000, 0x000000073a800000, 0x000000073a800000|100%| E|CS|TAMS 0x000000073a600000, 0x000000073a600000| Complete 
|  87|0x000000073a800000, 0x000000073aa00000, 0x000000073aa00000|100%| E|CS|TAMS 0x000000073a800000, 0x000000073a800000| Complete 
|  88|0x000000073aa00000, 0x000000073ac00000, 0x000000073ac00000|100%| E|CS|TAMS 0x000000073aa00000, 0x000000073aa00000| Complete 
|  89|0x000000073ac00000, 0x000000073ae00000, 0x000000073ae00000|100%| E|CS|TAMS 0x000000073ac00000, 0x000000073ac00000| Complete 
| 104|0x000000073ca00000, 0x000000073cc00000, 0x000000073cc00000|100%| E|CS|TAMS 0x000000073ca00000, 0x000000073ca00000| Complete 
|1665|0x00000007ffc00000, 0x00000007ffd75000, 0x00000007ffe00000| 72%|OA|  |TAMS 0x00000007ffd75000, 0x00000007ffc00000| Untracked 
|1666|0x00000007ffe00000, 0x00000007ffe78000, 0x0000000800000000| 23%|CA|  |TAMS 0x00000007ffe78000, 0x00000007ffe00000| Untracked 

Card table byte_map: [0x00007cc8303f2000,0x00007cc830a75000] _byte_map_base: 0x00007cc82ca75000

Marking Bits (Prev, Next): (CMBitMap*) 0x00007cc82c079d40, (CMBitMap*) 0x00007cc82c079d80
 Prev Bits: [0x00007cc81d965000, 0x00007cc820d7d000)
 Next Bits: [0x00007cc81a54d000, 0x00007cc81d965000)

Polling page: 0x00007cc833533000

Metaspace:

Usage:
  Non-class:     47.30 MB used.
      Class:      8.03 MB used.
       Both:     55.33 MB used.

Virtual space:
  Non-class space:       64.00 MB reserved,      47.62 MB ( 74%) committed,  1 nodes.
      Class space:        1.00 GB reserved,       8.25 MB ( <1%) committed,  1 nodes.
             Both:        1.06 GB reserved,      55.88 MB (  5%) committed. 

Chunk freelists:
   Non-Class:  15.80 MB
       Class:  7.70 MB
        Both:  23.50 MB

MaxMetaspaceSize: unlimited
CompressedClassSpaceSize: 1.00 GB
Initial GC threshold: 21.00 MB
Current GC threshold: 59.00 MB
CDS: on
MetaspaceReclaimPolicy: balanced
 - commit_granule_bytes: 65536.
 - commit_granule_words: 8192.
 - virtual_space_node_default_size: 8388608.
 - enlarge_chunks_in_place: 1.
 - new_chunks_are_fully_committed: 0.
 - uncommit_free_chunks: 1.
 - use_allocation_guard: 0.
 - handle_deallocations: 1.


Internal statistics:

num_allocs_failed_limit: 6.
num_arena_births: 740.
num_arena_deaths: 0.
num_vsnodes_births: 2.
num_vsnodes_deaths: 0.
num_space_committed: 894.
num_space_uncommitted: 0.
num_chunks_returned_to_freelist: 6.
num_chunks_taken_from_freelist: 2884.
num_chunk_merges: 6.
num_chunk_splits: 2104.
num_chunks_enlarged: 1665.
num_inconsistent_stats: 0.

CodeCache: size=49152Kb used=10956Kb max_used=10956Kb free=38195Kb
 bounds [0x00007cc821400000, 0x00007cc821ec0000, 0x00007cc824400000]
 total_blobs=5752 nmethods=5153 adapters=522
 compilation: enabled
              stopped_count=0, restarted_count=0
 full_count=0

Compilation events (20 events):
Event: 5.816 Thread 0x00007cc7981d4a50 nmethod 5143 0x00007cc821eaf710 code [0x00007cc821eaf8c0, 0x00007cc821eaf9d0]
Event: 5.817 Thread 0x00007cc7981d4a50 5146       1       org.hibernate.validator.internal.metadata.aggregated.AbstractConstraintMetaData::<init> (83 bytes)
Event: 5.817 Thread 0x00007cc82c162370 nmethod 5144 0x00007cc821eafa90 code [0x00007cc821eafc20, 0x00007cc821eafcf0]
Event: 5.817 Thread 0x00007cc7980a4390 nmethod 5145 0x00007cc821eafd90 code [0x00007cc821eaff20, 0x00007cc821eaffd0]
Event: 5.817 Thread 0x00007cc82c162370 5147       1       org.hibernate.validator.internal.metadata.aggregated.AbstractConstraintMetaData$$Lambda$1375/0x00007cc7bc83e430::apply (8 bytes)
Event: 5.817 Thread 0x00007cc7980a4390 5148       1       org.hibernate.validator.internal.metadata.aggregated.MetaDataBuilder::add (71 bytes)
Event: 5.817 Thread 0x00007cc82c162370 nmethod 5147 0x00007cc821eb0090 code [0x00007cc821eb0240, 0x00007cc821eb0360]
Event: 5.817 Thread 0x00007cc82c162370 5149       1       org.hibernate.validator.internal.metadata.aggregated.rule.MethodConfigurationRule::isDefinedOnParallelType (45 bytes)
Event: 5.817 Thread 0x00007cc7981d4a50 nmethod 5146 0x00007cc821eb0410 code [0x00007cc821eb0640, 0x00007cc821eb0bb0]
Event: 5.817 Thread 0x00007cc7981d5ba0 nmethod 5138 0x00007cc821eb0e10 code [0x00007cc821eb1040, 0x00007cc821eb17b0]
Event: 5.817 Thread 0x00007cc7980a4390 nmethod 5148 0x00007cc821eb1a90 code [0x00007cc821eb1c60, 0x00007cc821eb1f30]
Event: 5.817 Thread 0x00007cc7980a4390 5150       1       org.hibernate.validator.internal.metadata.aggregated.ExecutableMetaData::getKind (5 bytes)
Event: 5.817 Thread 0x00007cc7981d4a50 5151       1       org.hibernate.validator.internal.metadata.aggregated.AbstractConstraintMetaData::isConstrained (5 bytes)
Event: 5.818 Thread 0x00007cc7981d4a50 nmethod 5151 0x00007cc821eb2110 code [0x00007cc821eb22a0, 0x00007cc821eb2370]
Event: 5.818 Thread 0x00007cc7980a4390 nmethod 5150 0x00007cc821eb2410 code [0x00007cc821eb25a0, 0x00007cc821eb2670]
Event: 5.818 Thread 0x00007cc82c162370 nmethod 5149 0x00007cc821eb2710 code [0x00007cc821eb28e0, 0x00007cc821eb2a90]
Event: 5.823 Thread 0x00007cc7981d5ba0 5152       1       org.hibernate.mapping.SimpleValue::getSelectables (5 bytes)
Event: 5.823 Thread 0x00007cc82c162370 5153       1       org.hibernate.mapping.Property::getValue (5 bytes)
Event: 5.823 Thread 0x00007cc7981d5ba0 nmethod 5152 0x00007cc821eb2c10 code [0x00007cc821eb2da0, 0x00007cc821eb2e70]
Event: 5.823 Thread 0x00007cc82c162370 nmethod 5153 0x00007cc821eb2f10 code [0x00007cc821eb30a0, 0x00007cc821eb3170]

GC Heap History (20 events):
Event: 0.607 GC heap before
{Heap before GC invocations=0 (full 0):
 garbage-first heap   total 219136K, used 22452K [0x000000072fa00000, 0x0000000800000000)
  region size 2048K, 11 young (22528K), 0 survivors (0K)
 Metaspace       used 4275K, committed 4416K, reserved 1114112K
  class space    used 573K, committed 640K, reserved 1048576K
}
Event: 0.611 GC heap after
{Heap after GC invocations=1 (full 0):
 garbage-first heap   total 219136K, used 9579K [0x000000072fa00000, 0x0000000800000000)
  region size 2048K, 2 young (4096K), 2 survivors (4096K)
 Metaspace       used 4275K, committed 4416K, reserved 1114112K
  class space    used 573K, committed 640K, reserved 1048576K
}
Event: 1.075 GC heap before
{Heap before GC invocations=1 (full 0):
 garbage-first heap   total 219136K, used 32107K [0x000000072fa00000, 0x0000000800000000)
  region size 2048K, 13 young (26624K), 2 survivors (4096K)
 Metaspace       used 9040K, committed 9408K, reserved 1114112K
  class space    used 1360K, committed 1536K, reserved 1048576K
}
Event: 1.080 GC heap after
{Heap after GC invocations=2 (full 0):
 garbage-first heap   total 219136K, used 11609K [0x000000072fa00000, 0x0000000800000000)
  region size 2048K, 1 young (2048K), 1 survivors (2048K)
 Metaspace       used 9040K, committed 9408K, reserved 1114112K
  class space    used 1360K, committed 1536K, reserved 1048576K
}
Event: 1.441 GC heap before
{Heap before GC invocations=2 (full 0):
 garbage-first heap   total 219136K, used 52569K [0x000000072fa00000, 0x0000000800000000)
  region size 2048K, 22 young (45056K), 1 survivors (2048K)
 Metaspace       used 16953K, committed 17280K, reserved 1114112K
  class space    used 2453K, committed 2624K, reserved 1048576K
}
Event: 1.447 GC heap after
{Heap after GC invocations=3 (full 0):
 garbage-first heap   total 219136K, used 14220K [0x000000072fa00000, 0x0000000800000000)
  region size 2048K, 3 young (6144K), 3 survivors (6144K)
 Metaspace       used 16953K, committed 17280K, reserved 1114112K
  class space    used 2453K, committed 2624K, reserved 1048576K
}
Event: 1.697 GC heap before
{Heap before GC invocations=3 (full 0):
 garbage-first heap   total 219136K, used 42892K [0x000000072fa00000, 0x0000000800000000)
  region size 2048K, 18 young (36864K), 3 survivors (6144K)
 Metaspace       used 21197K, committed 21504K, reserved 1114112K
  class space    used 2989K, committed 3136K, reserved 1048576K
}
Event: 1.704 GC heap after
{Heap after GC invocations=4 (full 0):
 garbage-first heap   total 219136K, used 17808K [0x000000072fa00000, 0x0000000800000000)
  region size 2048K, 4 young (8192K), 4 survivors (8192K)
 Metaspace       used 21197K, committed 21504K, reserved 1114112K
  class space    used 2989K, committed 3136K, reserved 1048576K
}
Event: 2.215 GC heap before
{Heap before GC invocations=5 (full 0):
 garbage-first heap   total 75776K, used 54672K [0x000000072fa00000, 0x0000000800000000)
  region size 2048K, 22 young (45056K), 4 survivors (8192K)
 Metaspace       used 24208K, committed 24576K, reserved 1114112K
  class space    used 3436K, committed 3584K, reserved 1048576K
}
Event: 2.229 GC heap after
{Heap after GC invocations=6 (full 0):
 garbage-first heap   total 75776K, used 19886K [0x000000072fa00000, 0x0000000800000000)
  region size 2048K, 2 young (4096K), 2 survivors (4096K)
 Metaspace       used 24208K, committed 24576K, reserved 1114112K
  class space    used 3436K, committed 3584K, reserved 1048576K
}
Event: 2.788 GC heap before
{Heap before GC invocations=6 (full 0):
 garbage-first heap   total 75776K, used 48558K [0x000000072fa00000, 0x0000000800000000)
  region size 2048K, 16 young (32768K), 2 survivors (4096K)
 Metaspace       used 27646K, committed 28032K, reserved 1114112K
  class space    used 4062K, committed 4224K, reserved 1048576K
}
Event: 2.799 GC heap after
{Heap after GC invocations=7 (full 0):
 garbage-first heap   total 92160K, used 21873K [0x000000072fa00000, 0x0000000800000000)
  region size 2048K, 1 young (2048K), 1 survivors (2048K)
 Metaspace       used 27646K, committed 28032K, reserved 1114112K
  class space    used 4062K, committed 4224K, reserved 1048576K
}
Event: 3.549 GC heap before
{Heap before GC invocations=7 (full 0):
 garbage-first heap   total 92160K, used 64881K [0x000000072fa00000, 0x0000000800000000)
  region size 2048K, 22 young (45056K), 1 survivors (2048K)
 Metaspace       used 33934K, committed 34304K, reserved 1114112K
  class space    used 5009K, committed 5184K, reserved 1048576K
}
Event: 3.562 GC heap after
{Heap after GC invocations=8 (full 0):
 garbage-first heap   total 92160K, used 24985K [0x000000072fa00000, 0x0000000800000000)
  region size 2048K, 3 young (6144K), 3 survivors (6144K)
 Metaspace       used 33934K, committed 34304K, reserved 1114112K
  class space    used 5009K, committed 5184K, reserved 1048576K
}
Event: 3.671 GC heap before
{Heap before GC invocations=8 (full 0):
 garbage-first heap   total 92160K, used 31129K [0x000000072fa00000, 0x0000000800000000)
  region size 2048K, 7 young (14336K), 3 survivors (6144K)
 Metaspace       used 35590K, committed 35968K, reserved 1114112K
  class space    used 5181K, committed 5376K, reserved 1048576K
}
Event: 3.682 GC heap after
{Heap after GC invocations=9 (full 0):
 garbage-first heap   total 92160K, used 25906K [0x000000072fa00000, 0x0000000800000000)
  region size 2048K, 1 young (2048K), 1 survivors (2048K)
 Metaspace       used 35590K, committed 35968K, reserved 1114112K
  class space    used 5181K, committed 5376K, reserved 1048576K
}
Event: 4.421 GC heap before
{Heap before GC invocations=10 (full 0):
 garbage-first heap   total 92160K, used 64818K [0x000000072fa00000, 0x0000000800000000)
  region size 2048K, 20 young (40960K), 1 survivors (2048K)
 Metaspace       used 41857K, committed 42304K, reserved 1114112K
  class space    used 6056K, committed 6272K, reserved 1048576K
}
Event: 4.428 GC heap after
{Heap after GC invocations=11 (full 0):
 garbage-first heap   total 92160K, used 27957K [0x000000072fa00000, 0x0000000800000000)
  region size 2048K, 2 young (4096K), 2 survivors (4096K)
 Metaspace       used 41857K, committed 42304K, reserved 1114112K
  class space    used 6056K, committed 6272K, reserved 1048576K
}
Event: 5.286 GC heap before
{Heap before GC invocations=11 (full 0):
 garbage-first heap   total 92160K, used 66869K [0x000000072fa00000, 0x0000000800000000)
  region size 2048K, 21 young (43008K), 2 survivors (4096K)
 Metaspace       used 50253K, committed 50752K, reserved 1114112K
  class space    used 7333K, committed 7552K, reserved 1048576K
}
Event: 5.296 GC heap after
{Heap after GC invocations=12 (full 0):
 garbage-first heap   total 110592K, used 29630K [0x000000072fa00000, 0x0000000800000000)
  region size 2048K, 3 young (6144K), 3 survivors (6144K)
 Metaspace       used 50253K, committed 50752K, reserved 1114112K
  class space    used 7333K, committed 7552K, reserved 1048576K
}

Dll operation events (9 events):
Event: 0.002 Loaded shared library /usr/lib/jvm/java-17-openjdk-amd64/lib/libjava.so
Event: 0.032 Loaded shared library /usr/lib/jvm/java-17-openjdk-amd64/lib/libjsvml.so
Event: 0.066 Loaded shared library /usr/lib/jvm/java-17-openjdk-amd64/lib/libnio.so
Event: 0.074 Loaded shared library /usr/lib/jvm/java-17-openjdk-amd64/lib/libzip.so
Event: 0.219 Loaded shared library /usr/lib/jvm/java-17-openjdk-amd64/lib/libjimage.so
Event: 1.314 Loaded shared library /usr/lib/jvm/java-17-openjdk-amd64/lib/libnet.so
Event: 3.713 Loaded shared library /usr/lib/jvm/java-17-openjdk-amd64/lib/libmanagement.so
Event: 3.715 Loaded shared library /usr/lib/jvm/java-17-openjdk-amd64/lib/libmanagement_ext.so
Event: 4.297 Loaded shared library /usr/lib/jvm/java-17-openjdk-amd64/lib/libextnet.so

Deoptimization events (4 events):
Event: 4.443 Thread 0x00007cc82c01a260 DEOPT PACKING pc=0x00007cc821940681 sp=0x00007cc8319f9490
Event: 4.443 Thread 0x00007cc82c01a260 DEOPT UNPACKING pc=0x00007cc821456e2f sp=0x00007cc8319f8940 mode 3
Event: 4.443 Thread 0x00007cc82d273fa0 DEOPT PACKING pc=0x00007cc821933b96 sp=0x00007cc809df65a0
Event: 4.443 Thread 0x00007cc82d273fa0 DEOPT UNPACKING pc=0x00007cc821456e2f sp=0x00007cc809df5a18 mode 3

Classes loaded (20 events):
Event: 5.695 Loading class javax/naming/RefAddr
Event: 5.695 Loading class javax/naming/RefAddr done
Event: 5.695 Loading class javax/naming/StringRefAddr
Event: 5.695 Loading class javax/naming/StringRefAddr done
Event: 5.731 Loading class jdk/internal/reflect/UnsafeQualifiedStaticObjectFieldAccessorImpl
Event: 5.731 Loading class jdk/internal/reflect/UnsafeQualifiedStaticObjectFieldAccessorImpl done
Event: 5.735 Loading class java/util/concurrent/CompletableFuture$AltResult
Event: 5.735 Loading class java/util/concurrent/CompletableFuture$AltResult done
Event: 5.735 Loading class java/util/concurrent/CompletableFuture$Completion
Event: 5.736 Loading class java/util/concurrent/CompletableFuture$AsynchronousCompletionTask
Event: 5.736 Loading class java/util/concurrent/CompletableFuture$AsynchronousCompletionTask done
Event: 5.736 Loading class java/util/concurrent/CompletableFuture$Completion done
Event: 5.773 Loading class java/util/WeakHashMap$EntrySet
Event: 5.773 Loading class java/util/WeakHashMap$EntrySet done
Event: 5.773 Loading class java/util/WeakHashMap$EntryIterator
Event: 5.773 Loading class java/util/WeakHashMap$HashIterator
Event: 5.773 Loading class java/util/WeakHashMap$HashIterator done
Event: 5.773 Loading class java/util/WeakHashMap$EntryIterator done
Event: 5.829 Loading class java/util/concurrent/CancellationException
Event: 5.829 Loading class java/util/concurrent/CancellationException done

Classes unloaded (0 events):
No events

Classes redefined (0 events):
No events

Internal exceptions (20 events):
Event: 3.833 Thread 0x00007cc82c01a260 Exception <a 'java/lang/IncompatibleClassChangeError'{0x000000073a8f8a78}: Found class java.lang.Object, but interface was expected> (0x000000073a8f8a78) 
thrown [./src/hotspot/share/interpreter/linkResolver.cpp, line 826]
Event: 3.834 Thread 0x00007cc82c01a260 Exception <a 'java/lang/IncompatibleClassChangeError'{0x000000073a905de8}: Found class java.lang.Object, but interface was expected> (0x000000073a905de8) 
thrown [./src/hotspot/share/interpreter/linkResolver.cpp, line 826]
Event: 3.840 Thread 0x00007cc82c01a260 Exception <a 'java/lang/IncompatibleClassChangeError'{0x000000073a934158}: Found class java.lang.Object, but interface was expected> (0x000000073a934158) 
thrown [./src/hotspot/share/interpreter/linkResolver.cpp, line 826]
Event: 4.081 Thread 0x00007cc82c01a260 Exception <a 'java/lang/NoSuchMethodError'{0x0000000733689af0}: 'java.lang.Object java.lang.invoke.DirectMethodHandle$Holder.invokeVirtual(java.lang.Object, java.lang.Object, int)'> (0x0000000733689af0) 
thrown [./src/hotspot/share/interpreter/linkResolver.cpp, line 758]
Event: 4.122 Thread 0x00007cc82c01a260 Exception <a 'java/lang/IncompatibleClassChangeError'{0x000000073347be18}: Found class java.lang.Object, but interface was expected> (0x000000073347be18) 
thrown [./src/hotspot/share/interpreter/linkResolver.cpp, line 826]
Event: 4.276 Thread 0x00007cc82c01a260 Exception <a 'java/lang/NoSuchMethodError'{0x0000000732c91b88}: 'int java.lang.invoke.DirectMethodHandle$Holder.invokeStaticInit(java.lang.Object, java.lang.Object, java.lang.Object, java.lang.Object)'> (0x0000000732c91b88) 
thrown [./src/hotspot/share/interpreter/linkResolver.cpp, line 758]
Event: 4.346 Thread 0x00007cc82c01a260 Exception <a 'java/lang/NoSuchMethodError'{0x0000000732b324d0}: 'int java.lang.invoke.DirectMethodHandle$Holder.invokeInterface(java.lang.Object, java.lang.Object, int)'> (0x0000000732b324d0) 
thrown [./src/hotspot/share/interpreter/linkResolver.cpp, line 758]
Event: 4.346 Thread 0x00007cc82c01a260 Exception <a 'java/lang/IncompatibleClassChangeError'{0x0000000732b362a8}: Found class java.lang.Object, but interface was expected> (0x0000000732b362a8) 
thrown [./src/hotspot/share/interpreter/linkResolver.cpp, line 826]
Event: 4.460 Thread 0x00007cc82c01a260 Exception <a 'java/lang/NoSuchMethodError'{0x000000073cb87e50}: 'int java.lang.invoke.DirectMethodHandle$Holder.invokeStatic(java.lang.Object, java.lang.Object, java.lang.Object, java.lang.Object, java.lang.Object)'> (0x000000073cb87e50) 
thrown [./src/hotspot/share/interpreter/linkResolver.cpp, line 758]
Event: 4.474 Thread 0x00007cc82c01a260 Exception <a 'java/lang/NoSuchMethodError'{0x000000073cbefb08}: 'java.lang.Object java.lang.invoke.DirectMethodHandle$Holder.invokeSpecial(java.lang.Object, java.lang.Object, java.lang.Object, java.lang.Object, java.lang.Object, int, java.lang.Object)'> (0x000000073cbefb08) 
thrown [./src/hotspot/share/interpreter/linkResolver.cpp, line 758]
Event: 4.546 Thread 0x00007cc82d273fa0 Exception <a 'java/lang/NoSuchMethodError'{0x000000073cab5c08}: 'int java.lang.invoke.DirectMethodHandle$Holder.invokeStatic(java.lang.Object, int, java.lang.Object)'> (0x000000073cab5c08) 
thrown [./src/hotspot/share/interpreter/linkResolver.cpp, line 758]
Event: 4.559 Thread 0x00007cc82c01a260 Exception <a 'java/lang/NoSuchMethodError'{0x000000073aa65c48}: 'java.lang.Object java.lang.invoke.DelegatingMethodHandle$Holder.reinvoke_L(java.lang.Object, java.lang.Object, long, java.lang.Object, java.lang.Object, java.lang.Object, java.lang.Object, java.lang.Object, java.lang.Object, java.lang.Object, java.lang.Object, java.lang.Object, java.lang.Object, java.lang.Object, java.lang.Object, java.lang.Object)'> (0x000000073aa65c48) 
thrown [./src/hotspot/share/interpreter/linkResolver.cpp, line 758]
Event: 4.562 Thread 0x00007cc82c01a260 Exception <a 'java/lang/NoSuchMethodError'{0x000000073aaad668}: 'java.lang.Object java.lang.invoke.DirectMethodHandle$Holder.invokeSpecial(java.lang.Object, java.lang.Object, long, java.lang.Object, java.lang.Object, java.lang.Object, java.lang.Object, java.lang.Object, java.lang.Object, java.lang.Object, java.lang.Object, java.lang.Object, java.lang.Object, java.lang.Object, java.lang.Object, java.lang.Object)'> (0x000000073aaad668) 
thrown [./src/hotspot/share/interpreter/linkResolver.cpp, line 758]
Event: 4.563 Thread 0x00007cc82c01a260 Exception <a 'java/lang/NoSuchMethodError'{0x000000073aab2bf8}: 'java.lang.Object java.lang.invoke.DelegatingMethodHandle$Holder.reinvoke_L(java.lang.Object, long, java.lang.Object, java.lang.Object, java.lang.Object, java.lang.Object, java.lang.Object, java.lang.Object, java.lang.Object, java.lang.Object, java.lang.Object, java.lang.Object, java.lang.Object, java.lang.Object, java.lang.Object)'> (0x000000073aab2bf8) 
thrown [./src/hotspot/share/interpreter/linkResolver.cpp, line 758]
Event: 4.564 Thread 0x00007cc82c01a260 Exception <a 'java/lang/NoSuchMethodError'{0x000000073aacc2b8}: 'java.lang.Object java.lang.invoke.Invokers$Holder.linkToTargetMethod(java.lang.Object, java.lang.Object, java.lang.Object, java.lang.Object, java.lang.Object, java.lang.Object, java.lang.Object, java.lang.Object, java.lang.Object, java.lang.Object, java.lang.Object, java.lang.Object, java.lang.Object, java.lang.Object)'> (0x000000073aacc2b8) 
thrown [./src/hotspot/share/interpreter/linkResolver.cpp, line 758]
Event: 4.583 Thread 0x00007cc82c01a260 Exception <a 'java/lang/NoSuchMethodError'{0x000000073ab74dc8}: 'java.lang.Object java.lang.invoke.DirectMethodHandle$Holder.newInvokeSpecial(java.lang.Object, java.lang.Object, int)'> (0x000000073ab74dc8) 
thrown [./src/hotspot/share/interpreter/linkResolver.cpp, line 758]
Event: 5.371 Thread 0x00007cc82c01a260 Exception <a 'java/lang/NoSuchMethodError'{0x000000073aa54ca8}: 'java.lang.Object java.lang.invoke.DirectMethodHandle$Holder.invokeSpecial(java.lang.Object, java.lang.Object, long, java.lang.Object, java.lang.Object, java.lang.Object, java.lang.Object, java.lang.Object, java.lang.Object, java.lang.Object)'> (0x000000073aa54ca8) 
thrown [./src/hotspot/share/interpreter/linkResolver.cpp, line 758]
Event: 5.371 Thread 0x00007cc82c01a260 Exception <a 'java/lang/NoSuchMethodError'{0x000000073aa59fb0}: 'java.lang.Object java.lang.invoke.DelegatingMethodHandle$Holder.reinvoke_L(java.lang.Object, long, java.lang.Object, java.lang.Object, java.lang.Object, java.lang.Object, java.lang.Object, java.lang.Object, java.lang.Object)'> (0x000000073aa59fb0) 
thrown [./src/hotspot/share/interpreter/linkResolver.cpp, line 758]
Event: 5.372 Thread 0x00007cc82c01a260 Exception <a 'java/lang/NoSuchMethodError'{0x000000073aa71b20}: 'java.lang.Object java.lang.invoke.Invokers$Holder.linkToTargetMethod(java.lang.Object, java.lang.Object, java.lang.Object, java.lang.Object, java.lang.Object, java.lang.Object, java.lang.Object, java.lang.Object)'> (0x000000073aa71b20) 
thrown [./src/hotspot/share/interpreter/linkResolver.cpp, line 758]
Event: 5.834 Thread 0x00007cc82c01a260 Exception <a 'java/lang/IncompatibleClassChangeError'{0x00000007345839b8}: Found class java.lang.Object, but interface was expected> (0x00000007345839b8) 
thrown [./src/hotspot/share/interpreter/linkResolver.cpp, line 826]

VM Operations (20 events):
Event: 3.716 Executing VM operation: G1PauseCleanup
Event: 3.717 Executing VM operation: G1PauseCleanup done
Event: 3.722 Executing VM operation: HandshakeAllThreads
Event: 3.722 Executing VM operation: HandshakeAllThreads done
Event: 3.745 Executing VM operation: HandshakeAllThreads
Event: 3.745 Executing VM operation: HandshakeAllThreads done
Event: 3.975 Executing VM operation: HandshakeAllThreads
Event: 3.975 Executing VM operation: HandshakeAllThreads done
Event: 4.144 Executing VM operation: HandshakeAllThreads
Event: 4.144 Executing VM operation: HandshakeAllThreads done
Event: 4.325 Executing VM operation: HandshakeAllThreads
Event: 4.325 Executing VM operation: HandshakeAllThreads done
Event: 4.328 Executing VM operation: HandshakeAllThreads
Event: 4.329 Executing VM operation: HandshakeAllThreads done
Event: 4.344 Executing VM operation: HandshakeAllThreads
Event: 4.344 Executing VM operation: HandshakeAllThreads done
Event: 4.421 Executing VM operation: G1CollectForAllocation
Event: 4.428 Executing VM operation: G1CollectForAllocation done
Event: 5.286 Executing VM operation: G1CollectForAllocation
Event: 5.296 Executing VM operation: G1CollectForAllocation done

Memory protections (18 events):
Event: 0.002 Protecting memory [0x00007cc831900000,0x00007cc831904000] with protection modes 0
Event: 0.038 Protecting memory [0x00007cc80b829000,0x00007cc80b82d000] with protection modes 0
Event: 0.039 Protecting memory [0x00007cc80b729000,0x00007cc80b72d000] with protection modes 0
Event: 0.044 Protecting memory [0x00007cc80b629000,0x00007cc80b62d000] with protection modes 0
Event: 0.044 Protecting memory [0x00007cc80af00000,0x00007cc80af04000] with protection modes 0
Event: 0.044 Protecting memory [0x00007cc80ae00000,0x00007cc80ae04000] with protection modes 0
Event: 0.045 Protecting memory [0x00007cc80ad00000,0x00007cc80ad04000] with protection modes 0
Event: 0.045 Protecting memory [0x00007cc80ac00000,0x00007cc80ac04000] with protection modes 0
Event: 0.059 Protecting memory [0x00007cc80ab00000,0x00007cc80ab04000] with protection modes 0
Event: 0.062 Protecting memory [0x00007cc80a8ff000,0x00007cc80a903000] with protection modes 0
Event: 0.071 Protecting memory [0x00007cc80a7ff000,0x00007cc80a803000] with protection modes 0
Event: 0.515 Protecting memory [0x00007cc80a6ff000,0x00007cc80a703000] with protection modes 0
Event: 0.515 Protecting memory [0x00007cc80a5ff000,0x00007cc80a603000] with protection modes 0
Event: 1.035 Protecting memory [0x00007cc80a0fb000,0x00007cc80a0ff000] with protection modes 0
Event: 1.486 Protecting memory [0x00007cc809cf8000,0x00007cc809cfc000] with protection modes 0
Event: 4.420 Protecting memory [0x00007cc80a0fb000,0x00007cc80a0ff000] with protection modes 0
Event: 4.443 Protecting memory [0x00007cc809cf8000,0x00007cc809cfc000] with protection modes 0
Event: 4.547 Protecting memory [0x00007cc809af7000,0x00007cc809afb000] with protection modes 0

Nmethod flushes (0 events):
No events

Events (20 events):
Event: 0.032 Thread 0x00007cc82c01a260 Thread added: 0x00007cc82c01a260
Event: 0.038 Thread 0x00007cc82c01a260 Thread added: 0x00007cc82c157ca0
Event: 0.039 Thread 0x00007cc82c01a260 Thread added: 0x00007cc82c159090
Event: 0.044 Thread 0x00007cc82c01a260 Thread added: 0x00007cc82c15e610
Event: 0.044 Thread 0x00007cc82c01a260 Thread added: 0x00007cc82c15f9d0
Event: 0.044 Thread 0x00007cc82c01a260 Thread added: 0x00007cc82c160df0
Event: 0.044 Thread 0x00007cc82c01a260 Thread added: 0x00007cc82c162370
Event: 0.045 Thread 0x00007cc82c01a260 Thread added: 0x00007cc82c1637e0
Event: 0.059 Thread 0x00007cc82c01a260 Thread added: 0x00007cc82c16b8a0
Event: 0.062 Thread 0x00007cc82c01a260 Thread added: 0x00007cc82c16f3c0
Event: 0.071 Thread 0x00007cc82c162370 Thread added: 0x00007cc7980a4390
Event: 0.515 Thread 0x00007cc82c162370 Thread added: 0x00007cc7981d4a50
Event: 0.515 Thread 0x00007cc82c162370 Thread added: 0x00007cc7981d5ba0
Event: 1.035 Thread 0x00007cc82c01a260 Thread added: 0x00007cc82c871630
Event: 1.486 Thread 0x00007cc82c01a260 Thread added: 0x00007cc82c9fa6f0
Event: 1.534 Thread 0x00007cc82c9fa6f0 Thread exited: 0x00007cc82c9fa6f0
Event: 1.579 Thread 0x00007cc82c871630 Thread exited: 0x00007cc82c871630
Event: 4.420 Thread 0x00007cc82c01a260 Thread added: 0x00007cc82d26b870
Event: 4.443 Thread 0x00007cc82c01a260 Thread added: 0x00007cc82d273fa0
Event: 4.547 Thread 0x00007cc82d273fa0 Thread added: 0x00007cc75c005660


Dynamic libraries:
72fa00000-735800000 rw-p 00000000 00:00 0 
735800000-73a600000 ---p 00000000 00:00 0 
73a600000-73ae00000 rw-p 00000000 00:00 0 
73ae00000-73ca00000 ---p 00000000 00:00 0 
73ca00000-73cc00000 rw-p 00000000 00:00 0 
73cc00000-7ffc00000 ---p 00000000 00:00 0 
7ffc00000-7ffd00000 rw-p 00000000 00:00 0 
7ffd00000-7ffd75000 rw-p 00c7a000 103:02 2243440                         /usr/lib/jvm/java-17-openjdk-amd64/lib/server/classes.jsa
7ffd75000-7ffe00000 rw-p 00000000 00:00 0 
7ffe00000-7ffe78000 rw-p 00c02000 103:02 2243440                         /usr/lib/jvm/java-17-openjdk-amd64/lib/server/classes.jsa
7ffe78000-800000000 rw-p 00000000 00:00 0 
5f0535083000-5f0535084000 r--p 00000000 103:02 2243286                   /usr/lib/jvm/java-17-openjdk-amd64/bin/java
5f0535084000-5f0535085000 r-xp 00001000 103:02 2243286                   /usr/lib/jvm/java-17-openjdk-amd64/bin/java
5f0535085000-5f0535086000 r--p 00002000 103:02 2243286                   /usr/lib/jvm/java-17-openjdk-amd64/bin/java
5f0535086000-5f0535087000 r--p 00002000 103:02 2243286                   /usr/lib/jvm/java-17-openjdk-amd64/bin/java
5f0535087000-5f0535088000 rw-p 00003000 103:02 2243286                   /usr/lib/jvm/java-17-openjdk-amd64/bin/java
5f055accb000-5f055ad15000 rw-p 00000000 00:00 0                          [heap]
7cc750000000-7cc750021000 rw-p 00000000 00:00 0 
7cc750021000-7cc754000000 ---p 00000000 00:00 0 
7cc758000000-7cc7580a2000 rw-p 00000000 00:00 0 
7cc7580a2000-7cc75c000000 ---p 00000000 00:00 0 
7cc75c000000-7cc75c021000 rw-p 00000000 00:00 0 
7cc75c021000-7cc760000000 ---p 00000000 00:00 0 
7cc760000000-7cc760021000 rw-p 00000000 00:00 0 
7cc760021000-7cc764000000 ---p 00000000 00:00 0 
7cc764000000-7cc764021000 rw-p 00000000 00:00 0 
7cc764021000-7cc768000000 ---p 00000000 00:00 0 
7cc768000000-7cc76830e000 rw-p 00000000 00:00 0 
7cc76830e000-7cc76c000000 ---p 00000000 00:00 0 
7cc76c000000-7cc76c021000 rw-p 00000000 00:00 0 
7cc76c021000-7cc770000000 ---p 00000000 00:00 0 
7cc770000000-7cc770021000 rw-p 00000000 00:00 0 
7cc770021000-7cc774000000 ---p 00000000 00:00 0 
7cc774000000-7cc77402c000 rw-p 00000000 00:00 0 
7cc77402c000-7cc778000000 ---p 00000000 00:00 0 
7cc778000000-7cc778021000 rw-p 00000000 00:00 0 
7cc778021000-7cc77c000000 ---p 00000000 00:00 0 
7cc77c000000-7cc77c021000 rw-p 00000000 00:00 0 
7cc77c021000-7cc780000000 ---p 00000000 00:00 0 
7cc780000000-7cc780091000 rw-p 00000000 00:00 0 
7cc780091000-7cc784000000 ---p 00000000 00:00 0 
7cc784000000-7cc78408f000 rw-p 00000000 00:00 0 
7cc78408f000-7cc788000000 ---p 00000000 00:00 0 
7cc788000000-7cc788021000 rw-p 00000000 00:00 0 
7cc788021000-7cc78c000000 ---p 00000000 00:00 0 
7cc78c000000-7cc78c1ae000 rw-p 00000000 00:00 0 
7cc78c1ae000-7cc790000000 ---p 00000000 00:00 0 
7cc790000000-7cc790021000 rw-p 00000000 00:00 0 
7cc790021000-7cc794000000 ---p 00000000 00:00 0 
7cc794000000-7cc794021000 rw-p 00000000 00:00 0 
7cc794021000-7cc798000000 ---p 00000000 00:00 0 
7cc798000000-7cc798209000 rw-p 00000000 00:00 0 
7cc798209000-7cc79c000000 ---p 00000000 00:00 0 
7cc79c000000-7cc79c021000 rw-p 00000000 00:00 0 
7cc79c021000-7cc7a0000000 ---p 00000000 00:00 0 
7cc7a0000000-7cc7a0021000 rw-p 00000000 00:00 0 
7cc7a0021000-7cc7a4000000 ---p 00000000 00:00 0 
7cc7a4000000-7cc7a4021000 rw-p 00000000 00:00 0 
7cc7a4021000-7cc7a8000000 ---p 00000000 00:00 0 
7cc7a8000000-7cc7a8021000 rw-p 00000000 00:00 0 
7cc7a8021000-7cc7ac000000 ---p 00000000 00:00 0 
7cc7ac000000-7cc7ac021000 rw-p 00000000 00:00 0 
7cc7ac021000-7cc7b0000000 ---p 00000000 00:00 0 
7cc7b0000000-7cc7b0021000 rw-p 00000000 00:00 0 
7cc7b0021000-7cc7b4000000 ---p 00000000 00:00 0 
7cc7b7000000-7cc7b7400000 rw-p 00000000 00:00 0 
7cc7b7400000-7cc7b8d00000 rw-p 00000000 00:00 0 
7cc7b8d00000-7cc7b8e00000 rw-p 00000000 00:00 0 
7cc7b8e00000-7cc7b9300000 rw-p 00000000 00:00 0 
7cc7b9300000-7cc7b9360000 rw-p 00000000 00:00 0 
7cc7b9360000-7cc7b9400000 ---p 00000000 00:00 0 
7cc7b9400000-7cc7ba040000 rw-p 00000000 00:00 0 
7cc7ba040000-7cc7bb000000 ---p 00000000 00:00 0 
7cc7bb000000-7cc7bbbca000 rw-p 00001000 103:02 2243440                   /usr/lib/jvm/java-17-openjdk-amd64/lib/server/classes.jsa
7cc7bbbca000-7cc7bc000000 ---p 00000000 00:00 0 
7cc7bc000000-7cc7bc040000 rw-p 00000000 00:00 0 
7cc7bc040000-7cc7bc080000 rw-p 00000000 00:00 0 
7cc7bc080000-7cc7bc140000 rw-p 00000000 00:00 0 
7cc7bc140000-7cc7bc180000 rw-p 00000000 00:00 0 
7cc7bc180000-7cc7bc480000 rw-p 00000000 00:00 0 
7cc7bc480000-7cc7bc570000 rw-p 00000000 00:00 0 
7cc7bc570000-7cc7bc580000 ---p 00000000 00:00 0 
7cc7bc580000-7cc7bc850000 rw-p 00000000 00:00 0 
7cc7bc850000-7cc7fc000000 ---p 00000000 00:00 0 
7cc7fc000000-7cc7fc021000 rw-p 00000000 00:00 0 
7cc7fc021000-7cc800000000 ---p 00000000 00:00 0 
7cc800000000-7cc800021000 rw-p 00000000 00:00 0 
7cc800021000-7cc804000000 ---p 00000000 00:00 0 
7cc804000000-7cc804021000 rw-p 00000000 00:00 0 
7cc804021000-7cc808000000 ---p 00000000 00:00 0 
7cc809717000-7cc809af7000 rw-p 00000000 00:00 0 
7cc809af7000-7cc809afb000 ---p 00000000 00:00 0 
7cc809afb000-7cc809cf8000 rw-p 00000000 00:00 0 
7cc809cf8000-7cc809cfc000 ---p 00000000 00:00 0 
7cc809cfc000-7cc80a0fb000 rw-p 00000000 00:00 0 
7cc80a0fb000-7cc80a0ff000 ---p 00000000 00:00 0 
7cc80a0ff000-7cc80a5ff000 rw-p 00000000 00:00 0 
7cc80a5ff000-7cc80a603000 ---p 00000000 00:00 0 
7cc80a603000-7cc80a6ff000 rw-p 00000000 00:00 0 
7cc80a6ff000-7cc80a703000 ---p 00000000 00:00 0 
7cc80a703000-7cc80a7ff000 rw-p 00000000 00:00 0 
7cc80a7ff000-7cc80a803000 ---p 00000000 00:00 0 
7cc80a803000-7cc80a8ff000 rw-p 00000000 00:00 0 
7cc80a8ff000-7cc80a903000 ---p 00000000 00:00 0 
7cc80a903000-7cc80ab00000 rw-p 00000000 00:00 0 
7cc80ab00000-7cc80ab04000 ---p 00000000 00:00 0 
7cc80ab04000-7cc80ac00000 rw-p 00000000 00:00 0 
7cc80ac00000-7cc80ac04000 ---p 00000000 00:00 0 
7cc80ac04000-7cc80ad00000 rw-p 00000000 00:00 0 
7cc80ad00000-7cc80ad04000 ---p 00000000 00:00 0 
7cc80ad04000-7cc80ae00000 rw-p 00000000 00:00 0 
7cc80ae00000-7cc80ae04000 ---p 00000000 00:00 0 
7cc80ae04000-7cc80af00000 rw-p 00000000 00:00 0 
7cc80af00000-7cc80af04000 ---p 00000000 00:00 0 
7cc80af04000-7cc80b000000 rw-p 00000000 00:00 0 
7cc80b000000-7cc80b576000 r--p 00000000 103:02 1577977                   /usr/lib/locale/locale-archive
7cc80b629000-7cc80b62d000 ---p 00000000 00:00 0 
7cc80b62d000-7cc80b729000 rw-p 00000000 00:00 0 
7cc80b729000-7cc80b72d000 ---p 00000000 00:00 0 
7cc80b72d000-7cc80b829000 rw-p 00000000 00:00 0 
7cc80b829000-7cc80b82d000 ---p 00000000 00:00 0 
7cc80b82d000-7cc80ba2a000 rw-p 00000000 00:00 0 
7cc80ba2a000-7cc80ba2f000 r--p 00000000 103:02 2243422                   /usr/lib/jvm/java-17-openjdk-amd64/lib/libjsvml.so
7cc80ba2f000-7cc80ba70000 r-xp 00005000 103:02 2243422                   /usr/lib/jvm/java-17-openjdk-amd64/lib/libjsvml.so
7cc80ba70000-7cc80baf9000 r--p 00046000 103:02 2243422                   /usr/lib/jvm/java-17-openjdk-amd64/lib/libjsvml.so
7cc80baf9000-7cc80bafa000 r--p 000ce000 103:02 2243422                   /usr/lib/jvm/java-17-openjdk-amd64/lib/libjsvml.so
7cc80bafa000-7cc80bafb000 rw-p 000cf000 103:02 2243422                   /usr/lib/jvm/java-17-openjdk-amd64/lib/libjsvml.so
7cc80bafb000-7cc80bcfd000 rw-p 00000000 00:00 0 
7cc80bcfd000-7cc80c021000 rw-p 00000000 00:00 0 
7cc80c021000-7cc810000000 ---p 00000000 00:00 0 
7cc810000000-7cc810021000 rw-p 00000000 00:00 0 
7cc810021000-7cc814000000 ---p 00000000 00:00 0 
7cc814000000-7cc814021000 rw-p 00000000 00:00 0 
7cc814021000-7cc818000000 ---p 00000000 00:00 0 
7cc818021000-7cc81a400000 rw-p 00000000 00:00 0 
7cc81a44c000-7cc81a6c5000 rw-p 00000000 00:00 0 
7cc81a6c5000-7cc81a7fd000 ---p 00000000 00:00 0 
7cc81a7fd000-7cc81a81d000 rw-p 00000000 00:00 0 
7cc81a81d000-7cc81a88d000 ---p 00000000 00:00 0 
7cc81a88d000-7cc81a895000 rw-p 00000000 00:00 0 
7cc81a895000-7cc81d955000 ---p 00000000 00:00 0 
7cc81d955000-7cc81dadd000 rw-p 00000000 00:00 0 
7cc81dadd000-7cc81dc15000 ---p 00000000 00:00 0 
7cc81dc15000-7cc81dc35000 rw-p 00000000 00:00 0 
7cc81dc35000-7cc81dca5000 ---p 00000000 00:00 0 
7cc81dca5000-7cc81dcad000 rw-p 00000000 00:00 0 
7cc81dcad000-7cc820d6d000 ---p 00000000 00:00 0 
7cc820d6d000-7cc820dac000 rw-p 00000000 00:00 0 
7cc820dac000-7cc820dd3000 ---p 00000000 00:00 0 
7cc820dd3000-7cc820dd7000 rw-p 00000000 00:00 0 
7cc820dd7000-7cc820de5000 ---p 00000000 00:00 0 
7cc820de5000-7cc820de6000 rw-p 00000000 00:00 0 
7cc820de6000-7cc8213fe000 ---p 00000000 00:00 0 
7cc8213fe000-7cc821400000 rw-p 00000000 00:00 0 
7cc821400000-7cc821ec0000 rwxp 00000000 00:00 0 
7cc821ec0000-7cc824400000 ---p 00000000 00:00 0 
7cc824400000-7cc82bed3000 r--s 00000000 103:02 2243437                   /usr/lib/jvm/java-17-openjdk-amd64/lib/modules
7cc82beff000-7cc82d78c000 rw-p 00000000 00:00 0 
7cc82d78c000-7cc830000000 ---p 00000000 00:00 0 
7cc830011000-7cc830083000 rw-p 00000000 00:00 0 
7cc830083000-7cc830386000 rw-p 00000000 00:00 0 
7cc830386000-7cc830421000 rw-p 00000000 00:00 0 
7cc830421000-7cc830448000 ---p 00000000 00:00 0 
7cc830448000-7cc83044c000 rw-p 00000000 00:00 0 
7cc83044c000-7cc83045a000 ---p 00000000 00:00 0 
7cc83045a000-7cc83045b000 rw-p 00000000 00:00 0 
7cc83045b000-7cc830a73000 ---p 00000000 00:00 0 
7cc830a73000-7cc830aa4000 rw-p 00000000 00:00 0 
7cc830aa4000-7cc830acb000 ---p 00000000 00:00 0 
7cc830acb000-7cc830acf000 rw-p 00000000 00:00 0 
7cc830acf000-7cc830add000 ---p 00000000 00:00 0 
7cc830add000-7cc830ade000 rw-p 00000000 00:00 0 
7cc830ade000-7cc8310f6000 ---p 00000000 00:00 0 
7cc8310f6000-7cc831900000 rw-p 00000000 00:00 0 
7cc831900000-7cc831904000 ---p 00000000 00:00 0 
7cc831904000-7cc831a00000 rw-p 00000000 00:00 0 
7cc831a00000-7cc831aa2000 r--p 00000000 103:02 1602113                   /usr/lib/x86_64-linux-gnu/libstdc++.so.6.0.34
7cc831aa2000-7cc831bef000 r-xp 000a2000 103:02 1602113                   /usr/lib/x86_64-linux-gnu/libstdc++.so.6.0.34
7cc831bef000-7cc831c77000 r--p 001ef000 103:02 1602113                   /usr/lib/x86_64-linux-gnu/libstdc++.so.6.0.34
7cc831c77000-7cc831c86000 r--p 00276000 103:02 1602113                   /usr/lib/x86_64-linux-gnu/libstdc++.so.6.0.34
7cc831c86000-7cc831c89000 rw-p 00285000 103:02 1602113                   /usr/lib/x86_64-linux-gnu/libstdc++.so.6.0.34
7cc831c89000-7cc831c8d000 rw-p 00000000 00:00 0 
7cc831c93000-7cc831ca9000 rw-p 00000000 00:00 0 
7cc831ca9000-7cc831cf3000 ---p 00000000 00:00 0 
7cc831cf3000-7cc831d04000 r--p 00000000 103:02 1574515                   /usr/lib/x86_64-linux-gnu/libm.so.6
7cc831d04000-7cc831d8f000 r-xp 00011000 103:02 1574515                   /usr/lib/x86_64-linux-gnu/libm.so.6
7cc831d8f000-7cc831dfe000 r--p 0009c000 103:02 1574515                   /usr/lib/x86_64-linux-gnu/libm.so.6
7cc831dfe000-7cc831dff000 r--p 0010a000 103:02 1574515                   /usr/lib/x86_64-linux-gnu/libm.so.6
7cc831dff000-7cc831e00000 rw-p 0010b000 103:02 1574515                   /usr/lib/x86_64-linux-gnu/libm.so.6
7cc831e00000-7cc832055000 r--p 00000000 103:02 2243443                   /usr/lib/jvm/java-17-openjdk-amd64/lib/server/libjvm.so
7cc832055000-7cc832e27000 r-xp 00255000 103:02 2243443                   /usr/lib/jvm/java-17-openjdk-amd64/lib/server/libjvm.so
7cc832e27000-7cc8330a3000 r--p 01027000 103:02 2243443                   /usr/lib/jvm/java-17-openjdk-amd64/lib/server/libjvm.so
7cc8330a3000-7cc83315c000 r--p 012a3000 103:02 2243443                   /usr/lib/jvm/java-17-openjdk-amd64/lib/server/libjvm.so
7cc83315c000-7cc833191000 rw-p 0135c000 103:02 2243443                   /usr/lib/jvm/java-17-openjdk-amd64/lib/server/libjvm.so
7cc833191000-7cc8331ec000 rw-p 00000000 00:00 0 
7cc833200000-7cc833228000 r--p 00000000 103:02 1574512                   /usr/lib/x86_64-linux-gnu/libc.so.6
7cc833228000-7cc8333c1000 r-xp 00028000 103:02 1574512                   /usr/lib/x86_64-linux-gnu/libc.so.6
7cc8333c1000-7cc833430000 r--p 001c1000 103:02 1574512                   /usr/lib/x86_64-linux-gnu/libc.so.6
7cc833430000-7cc833434000 r--p 0022f000 103:02 1574512                   /usr/lib/x86_64-linux-gnu/libc.so.6
7cc833434000-7cc833436000 rw-p 00233000 103:02 1574512                   /usr/lib/x86_64-linux-gnu/libc.so.6
7cc833436000-7cc833443000 rw-p 00000000 00:00 0 
7cc83344e000-7cc833455000 r--s 00000000 103:02 1742840                   /usr/lib/x86_64-linux-gnu/gconv/gconv-modules.cache
7cc833455000-7cc833456000 r--p 00000000 103:02 2243408                   /usr/lib/jvm/java-17-openjdk-amd64/lib/libextnet.so
7cc833456000-7cc833457000 r-xp 00001000 103:02 2243408                   /usr/lib/jvm/java-17-openjdk-amd64/lib/libextnet.so
7cc833457000-7cc833458000 r--p 00002000 103:02 2243408                   /usr/lib/jvm/java-17-openjdk-amd64/lib/libextnet.so
7cc833458000-7cc833459000 r--p 00002000 103:02 2243408                   /usr/lib/jvm/java-17-openjdk-amd64/lib/libextnet.so
7cc833459000-7cc83345a000 rw-p 00003000 103:02 2243408                   /usr/lib/jvm/java-17-openjdk-amd64/lib/libextnet.so
7cc83345a000-7cc83345c000 r--p 00000000 103:02 2243426                   /usr/lib/jvm/java-17-openjdk-amd64/lib/libmanagement_ext.so
7cc83345c000-7cc83345f000 r-xp 00002000 103:02 2243426                   /usr/lib/jvm/java-17-openjdk-amd64/lib/libmanagement_ext.so
7cc83345f000-7cc833461000 r--p 00005000 103:02 2243426                   /usr/lib/jvm/java-17-openjdk-amd64/lib/libmanagement_ext.so
7cc833461000-7cc833462000 r--p 00006000 103:02 2243426                   /usr/lib/jvm/java-17-openjdk-amd64/lib/libmanagement_ext.so
7cc833462000-7cc833463000 rw-p 00007000 103:02 2243426                   /usr/lib/jvm/java-17-openjdk-amd64/lib/libmanagement_ext.so
7cc833463000-7cc833465000 r--p 00000000 103:02 2243436                   /usr/lib/jvm/java-17-openjdk-amd64/lib/libzip.so
7cc833465000-7cc83346a000 r-xp 00002000 103:02 2243436                   /usr/lib/jvm/java-17-openjdk-amd64/lib/libzip.so
7cc83346a000-7cc83346c000 r--p 00007000 103:02 2243436                   /usr/lib/jvm/java-17-openjdk-amd64/lib/libzip.so
7cc83346c000-7cc83346d000 r--p 00008000 103:02 2243436                   /usr/lib/jvm/java-17-openjdk-amd64/lib/libzip.so
7cc83346d000-7cc83346e000 rw-p 00009000 103:02 2243436                   /usr/lib/jvm/java-17-openjdk-amd64/lib/libzip.so
7cc83346e000-7cc833472000 r--p 00000000 103:02 2243428                   /usr/lib/jvm/java-17-openjdk-amd64/lib/libnet.so
7cc833472000-7cc833480000 r-xp 00004000 103:02 2243428                   /usr/lib/jvm/java-17-openjdk-amd64/lib/libnet.so
7cc833480000-7cc833484000 r--p 00012000 103:02 2243428                   /usr/lib/jvm/java-17-openjdk-amd64/lib/libnet.so
7cc833484000-7cc833485000 r--p 00015000 103:02 2243428                   /usr/lib/jvm/java-17-openjdk-amd64/lib/libnet.so
7cc833485000-7cc833486000 rw-p 00016000 103:02 2243428                   /usr/lib/jvm/java-17-openjdk-amd64/lib/libnet.so
7cc833486000-7cc83348d000 r--p 00000000 103:02 2243429                   /usr/lib/jvm/java-17-openjdk-amd64/lib/libnio.so
7cc83348d000-7cc833496000 r-xp 00007000 103:02 2243429                   /usr/lib/jvm/java-17-openjdk-amd64/lib/libnio.so
7cc833496000-7cc83349a000 r--p 00010000 103:02 2243429                   /usr/lib/jvm/java-17-openjdk-amd64/lib/libnio.so
7cc83349a000-7cc83349b000 r--p 00014000 103:02 2243429                   /usr/lib/jvm/java-17-openjdk-amd64/lib/libnio.so
7cc83349b000-7cc83349c000 rw-p 00015000 103:02 2243429                   /usr/lib/jvm/java-17-openjdk-amd64/lib/libnio.so
7cc83349c000-7cc8334a8000 r--p 00000000 103:02 2243415                   /usr/lib/jvm/java-17-openjdk-amd64/lib/libjava.so
7cc8334a8000-7cc8334bb000 r-xp 0000c000 103:02 2243415                   /usr/lib/jvm/java-17-openjdk-amd64/lib/libjava.so
7cc8334bb000-7cc8334c1000 r--p 0001f000 103:02 2243415                   /usr/lib/jvm/java-17-openjdk-amd64/lib/libjava.so
7cc8334c1000-7cc8334c2000 r--p 00024000 103:02 2243415                   /usr/lib/jvm/java-17-openjdk-amd64/lib/libjava.so
7cc8334c2000-7cc8334c3000 rw-p 00025000 103:02 2243415                   /usr/lib/jvm/java-17-openjdk-amd64/lib/libjava.so
7cc8334c3000-7cc8334c4000 rw-p 00000000 00:00 0 
7cc8334c4000-7cc8334cc000 rw-s 00000000 00:26 2778                       /tmp/hsperfdata_tempest/52506
7cc8334cc000-7cc8334d0000 r--p 00000000 103:02 1601696                   /usr/lib/x86_64-linux-gnu/libgcc_s.so.1
7cc8334d0000-7cc8334f3000 r-xp 00004000 103:02 1601696                   /usr/lib/x86_64-linux-gnu/libgcc_s.so.1
7cc8334f3000-7cc8334f7000 r--p 00027000 103:02 1601696                   /usr/lib/x86_64-linux-gnu/libgcc_s.so.1
7cc8334f7000-7cc8334f8000 r--p 0002a000 103:02 1601696                   /usr/lib/x86_64-linux-gnu/libgcc_s.so.1
7cc8334f8000-7cc8334f9000 rw-p 0002b000 103:02 1601696                   /usr/lib/x86_64-linux-gnu/libgcc_s.so.1
7cc8334f9000-7cc8334fb000 rw-p 00000000 00:00 0 
7cc8334fb000-7cc8334fd000 r--p 00000000 103:02 2243419                   /usr/lib/jvm/java-17-openjdk-amd64/lib/libjli.so
7cc8334fd000-7cc833507000 r-xp 00002000 103:02 2243419                   /usr/lib/jvm/java-17-openjdk-amd64/lib/libjli.so
7cc833507000-7cc83350a000 r--p 0000c000 103:02 2243419                   /usr/lib/jvm/java-17-openjdk-amd64/lib/libjli.so
7cc83350a000-7cc83350b000 r--p 0000f000 103:02 2243419                   /usr/lib/jvm/java-17-openjdk-amd64/lib/libjli.so
7cc83350b000-7cc83350c000 rw-p 00010000 103:02 2243419                   /usr/lib/jvm/java-17-openjdk-amd64/lib/libjli.so
7cc83350c000-7cc83350f000 r--p 00000000 103:02 1602251                   /usr/lib/x86_64-linux-gnu/libz.so.1.3.1
7cc83350f000-7cc833522000 r-xp 00003000 103:02 1602251                   /usr/lib/x86_64-linux-gnu/libz.so.1.3.1
7cc833522000-7cc83352a000 r--p 00016000 103:02 1602251                   /usr/lib/x86_64-linux-gnu/libz.so.1.3.1
7cc83352a000-7cc83352b000 r--p 0001d000 103:02 1602251                   /usr/lib/x86_64-linux-gnu/libz.so.1.3.1
7cc83352b000-7cc83352c000 rw-p 0001e000 103:02 1602251                   /usr/lib/x86_64-linux-gnu/libz.so.1.3.1
7cc83352d000-7cc83352f000 r--p 00000000 103:02 2243424                   /usr/lib/jvm/java-17-openjdk-amd64/lib/libmanagement.so
7cc83352f000-7cc833530000 r-xp 00002000 103:02 2243424                   /usr/lib/jvm/java-17-openjdk-amd64/lib/libmanagement.so
7cc833530000-7cc833531000 r--p 00003000 103:02 2243424                   /usr/lib/jvm/java-17-openjdk-amd64/lib/libmanagement.so
7cc833531000-7cc833532000 r--p 00003000 103:02 2243424                   /usr/lib/jvm/java-17-openjdk-amd64/lib/libmanagement.so
7cc833532000-7cc833533000 rw-p 00004000 103:02 2243424                   /usr/lib/jvm/java-17-openjdk-amd64/lib/libmanagement.so
7cc833533000-7cc833534000 ---p 00000000 00:00 0 
7cc833534000-7cc833535000 r--p 00000000 00:00 0 
7cc833535000-7cc833536000 ---p 00000000 00:00 0 
7cc833536000-7cc833538000 r--p 00000000 103:02 2243418                   /usr/lib/jvm/java-17-openjdk-amd64/lib/libjimage.so
7cc833538000-7cc83353b000 r-xp 00002000 103:02 2243418                   /usr/lib/jvm/java-17-openjdk-amd64/lib/libjimage.so
7cc83353b000-7cc83353c000 r--p 00005000 103:02 2243418                   /usr/lib/jvm/java-17-openjdk-amd64/lib/libjimage.so
7cc83353c000-7cc83353d000 r--p 00006000 103:02 2243418                   /usr/lib/jvm/java-17-openjdk-amd64/lib/libjimage.so
7cc83353d000-7cc83353e000 rw-p 00007000 103:02 2243418                   /usr/lib/jvm/java-17-openjdk-amd64/lib/libjimage.so
7cc83353e000-7cc833540000 rw-p 00000000 00:00 0 
7cc833540000-7cc833544000 r--p 00000000 00:00 0                          [vvar]
7cc833544000-7cc833546000 r--p 00000000 00:00 0                          [vvar_vclock]
7cc833546000-7cc833548000 r-xp 00000000 00:00 0                          [vdso]
7cc833548000-7cc833549000 r--p 00000000 103:02 1574509                   /usr/lib/x86_64-linux-gnu/ld-linux-x86-64.so.2
7cc833549000-7cc833577000 r-xp 00001000 103:02 1574509                   /usr/lib/x86_64-linux-gnu/ld-linux-x86-64.so.2
7cc833577000-7cc833585000 r--p 0002f000 103:02 1574509                   /usr/lib/x86_64-linux-gnu/ld-linux-x86-64.so.2
7cc833585000-7cc833587000 r--p 0003d000 103:02 1574509                   /usr/lib/x86_64-linux-gnu/ld-linux-x86-64.so.2
7cc833587000-7cc833588000 rw-p 0003f000 103:02 1574509                   /usr/lib/x86_64-linux-gnu/ld-linux-x86-64.so.2
7cc833588000-7cc833589000 rw-p 00000000 00:00 0 
7fff9678e000-7fff967b2000 rw-p 00000000 00:00 0                          [stack]
ffffffffff600000-ffffffffff601000 --xp 00000000 00:00 0                  [vsyscall]


VM Arguments:
jvm_args: -XX:TieredStopAtLevel=1 
java_command: com.university.alumni.AlumniPortalApplication --spring.profiles.active=dev
java_class_path (initial): /mnt/HDD/Downloads/Projects/alumni-portal/target/classes:/home/tempest/.m2/repository/org/springframework/boot/spring-boot/3.5.12/spring-boot-3.5.12.jar:/home/tempest/.m2/repository/org/springframework/boot/spring-boot-autoconfigure/3.5.12/spring-boot-autoconfigure-3.5.12.jar:/home/tempest/.m2/repository/ch/qos/logback/logback-classic/1.5.32/logback-classic-1.5.32.jar:/home/tempest/.m2/repository/ch/qos/logback/logback-core/1.5.32/logback-core-1.5.32.jar:/home/tempest/.m2/repository/org/apache/logging/log4j/log4j-to-slf4j/2.24.3/log4j-to-slf4j-2.24.3.jar:/home/tempest/.m2/repository/org/apache/logging/log4j/log4j-api/2.24.3/log4j-api-2.24.3.jar:/home/tempest/.m2/repository/org/slf4j/jul-to-slf4j/2.0.17/jul-to-slf4j-2.0.17.jar:/home/tempest/.m2/repository/jakarta/annotation/jakarta.annotation-api/2.1.1/jakarta.annotation-api-2.1.1.jar:/home/tempest/.m2/repository/org/yaml/snakeyaml/2.4/snakeyaml-2.4.jar:/home/tempest/.m2/repository/org/springframework/boot/spring-boot-actuator-autoconfigure/3.5.12/spring-boot-actuator-autoconfigure-3.5.12.jar:/home/tempest/.m2/repository/org/springframework/boot/spring-boot-actuator/3.5.12/spring-boot-actuator-3.5.12.jar:/home/tempest/.m2/repository/io/micrometer/micrometer-observation/1.15.10/micrometer-observation-1.15.10.jar:/home/tempest/.m2/repository/io/micrometer/micrometer-commons/1.15.10/micrometer-commons-1.15.10.jar:/home/tempest/.m2/repository/io/micrometer/micrometer-jakarta9/1.15.10/micrometer-jakarta9-1.15.10.jar:/home/tempest/.m2/repository/io/micrometer/micrometer-core/1.15.10/micrometer-core-1.15.10.jar:/home/tempest/.m2/repository/org/hdrhistogram/HdrHistogram/2.2.2/HdrHistogram-2.2.2.jar:/home/tempest/.m2/repository/org/latencyutils/LatencyUtils/2.0.3/LatencyUtils-2.0.3.jar:/home/tempest/.m2/repository/com/zaxxer/HikariCP/6.3.3/HikariCP-6.3.3.jar:/home/tempest/.m2/repository/org/springframework/spring-jdbc/6.2.17/spring-jdbc-6.2.17.jar:/home/tempest/.m2/repository/org/hibernate/orm/hib
Launcher Type: SUN_STANDARD

[Global flags]
     intx CICompilerCount                          = 4                                         {product} {ergonomic}
     uint ConcGCThreads                            = 2                                         {product} {ergonomic}
     uint G1ConcRefinementThreads                  = 8                                         {product} {ergonomic}
   size_t G1HeapRegionSize                         = 2097152                                   {product} {ergonomic}
    uintx GCDrainStackTargetSize                   = 64                                        {product} {ergonomic}
   size_t InitialHeapSize                          = 220200960                                 {product} {ergonomic}
   size_t MarkStackSize                            = 4194304                                   {product} {ergonomic}
   size_t MaxHeapSize                              = 3495952384                                {product} {ergonomic}
   size_t MaxNewSize                               = 2097152000                                {product} {ergonomic}
   size_t MinHeapDeltaBytes                        = 2097152                                   {product} {ergonomic}
   size_t MinHeapSize                              = 8388608                                   {product} {ergonomic}
    uintx NonProfiledCodeHeapSize                  = 0                                      {pd product} {ergonomic}
     bool ProfileInterpreter                       = false                                  {pd product} {command line}
    uintx ProfiledCodeHeapSize                     = 0                                      {pd product} {ergonomic}
   size_t SoftMaxHeapSize                          = 3495952384                             {manageable} {ergonomic}
     intx TieredStopAtLevel                        = 1                                         {product} {command line}
     bool UseCompressedClassPointers               = true                           {product lp64_product} {ergonomic}
     bool UseCompressedOops                        = true                           {product lp64_product} {ergonomic}
     bool UseG1GC                                  = true                                      {product} {ergonomic}

Logging:
Log output configuration:
 #0: stdout all=warning uptime,level,tags
 #1: stderr all=off uptime,level,tags

Environment Variables:
PATH=/home/tempest/.local/bin:/usr/local/sbin:/usr/local/bin:/usr/sbin:/usr/bin:/sbin:/bin:/usr/games:/usr/local/games:/snap/bin:/snap/bin:/home/tempest/.local/bin:/home/tempest/.local/bin
USERNAME=tempest
SHELL=/bin/bash
DISPLAY=:0
LANG=en_US.UTF-8
TERM=xterm-256color

Active Locale:
LC_ALL=en_US.UTF-8
LC_COLLATE=en_US.UTF-8
LC_CTYPE=en_US.UTF-8
LC_MESSAGES=en_US.UTF-8
LC_MONETARY=en_US.UTF-8
LC_NUMERIC=en_US.UTF-8
LC_TIME=en_US.UTF-8

Signal Handlers:
   SIGSEGV: crash_handler in libjvm.so, mask=11100100010111111101111111111110, flags=SA_RESTART|SA_SIGINFO, unblocked
    SIGBUS: crash_handler in libjvm.so, mask=11100100010111111101111111111110, flags=SA_RESTART|SA_SIGINFO, unblocked
    SIGFPE: crash_handler in libjvm.so, mask=11100100010111111101111111111110, flags=SA_RESTART|SA_SIGINFO, unblocked
   SIGPIPE: javaSignalHandler in libjvm.so, mask=11100100010111111101111111111110, flags=SA_RESTART|SA_SIGINFO, blocked
   SIGXFSZ: javaSignalHandler in libjvm.so, mask=11100100010111111101111111111110, flags=SA_RESTART|SA_SIGINFO, blocked
    SIGILL: crash_handler in libjvm.so, mask=11100100010111111101111111111110, flags=SA_RESTART|SA_SIGINFO, unblocked
   SIGUSR2: SR_handler in libjvm.so, mask=00100000000000000000000000000000, flags=SA_RESTART|SA_SIGINFO, blocked
    SIGHUP: UserHandler in libjvm.so, mask=11100100010111111101111111111110, flags=SA_RESTART|SA_SIGINFO, blocked
    SIGINT: UserHandler in libjvm.so, mask=11100100010111111101111111111110, flags=SA_RESTART|SA_SIGINFO, blocked
   SIGTERM: UserHandler in libjvm.so, mask=11100100010111111101111111111110, flags=SA_RESTART|SA_SIGINFO, blocked
   SIGQUIT: UserHandler in libjvm.so, mask=11100100010111111101111111111110, flags=SA_RESTART|SA_SIGINFO, blocked
   SIGTRAP: crash_handler in libjvm.so, mask=11100100010111111101111111111110, flags=SA_RESTART|SA_SIGINFO, unblocked


Periodic native trim disabled


---------------  S Y S T E M  ---------------

OS:
DISTRIB_ID=Ubuntu
DISTRIB_RELEASE=25.10
DISTRIB_CODENAME=questing
DISTRIB_DESCRIPTION="Ubuntu 25.10"
uname: Linux 6.17.0-19-generic #19-Ubuntu SMP PREEMPT_DYNAMIC Fri Mar  6 14:02:58 UTC 2026 x86_64
OS uptime: 0 days 10:26 hours
libc: glibc 2.42 NPTL 2.42 
rlimit (soft/hard): STACK 8192k/infinity , CORE 0k/infinity , NPROC 52879/52879 , NOFILE 524288/524288 , AS infinity/infinity , CPU infinity/infinity , DATA infinity/infinity , FSIZE infinity/infinity , MEMLOCK 8192k/8192k
load average: 4.32 2.79 2.09

/proc/meminfo:
MemTotal:       13652100 kB
MemFree:         1475036 kB
MemAvailable:    8089168 kB
Buffers:          173372 kB
Cached:          6734920 kB
SwapCached:            0 kB
Active:          7492776 kB
Inactive:        3581084 kB
Active(anon):    4305348 kB
Inactive(anon):        0 kB
Active(file):    3187428 kB
Inactive(file):  3581084 kB
Unevictable:         168 kB
Mlocked:             168 kB
SwapTotal:       4194300 kB
SwapFree:        4194300 kB
Zswap:                 0 kB
Zswapped:              0 kB
Dirty:              2220 kB
Writeback:             0 kB
AnonPages:       4165984 kB
Mapped:          1829696 kB
Shmem:            152436 kB
KReclaimable:     175256 kB
Slab:             507544 kB
SReclaimable:     175256 kB
SUnreclaim:       332288 kB
KernelStack:       22448 kB
PageTables:        52484 kB
SecPageTables:      3136 kB
NFS_Unstable:          0 kB
Bounce:                0 kB
WritebackTmp:          0 kB
CommitLimit:    11020348 kB
Committed_AS:   14376816 kB
VmallocTotal:   34359738367 kB
VmallocUsed:      132364 kB
VmallocChunk:          0 kB
Percpu:             9792 kB
HardwareCorrupted:     0 kB
AnonHugePages:         0 kB
ShmemHugePages:        0 kB
ShmemPmdMapped:        0 kB
FileHugePages:     67584 kB
FilePmdMapped:         0 kB
CmaTotal:              0 kB
CmaFree:               0 kB
Unaccepted:            0 kB
Balloon:               0 kB
HugePages_Total:       0
HugePages_Free:        0
HugePages_Rsvd:        0
HugePages_Surp:        0
Hugepagesize:       2048 kB
Hugetlb:               0 kB
DirectMap4k:      672136 kB
DirectMap2M:     7585792 kB
DirectMap1G:     6291456 kB

/sys/kernel/mm/transparent_hugepage/enabled: always [madvise] never
/sys/kernel/mm/transparent_hugepage/hpage_pmd_size: 2097152
/sys/kernel/mm/transparent_hugepage/defrag (defrag/compaction efforts parameter): always defer defer+madvise [madvise] never

Process Memory:
Virtual Size: 6999432K (peak: 7060972K)
Resident Set Size: 246040K (peak: 246040K) (anon: 223532K, file: 22476K, shmem: 32K)
Swapped out: 0K
C-Heap outstanding allocations: 53596K, retained: 4523K
glibc malloc tunables: (default)

/proc/sys/kernel/threads-max (system-wide limit on the number of threads): 105759
/proc/sys/vm/max_map_count (maximum number of memory map areas a process may have): 1048576
/proc/sys/vm/swappiness (control to define how aggressively the kernel swaps out anonymous memory): 60
/proc/sys/kernel/pid_max (system-wide limit on number of process identifiers): 4194304

container information not found.
Steal ticks since vm start: 0
Steal ticks percentage since vm start:  0.000

CPU: total 8 (initial active 8) (8 cores per cpu, 2 threads per core) family 23 model 24 stepping 1 microcode 0x8108109, cx8, cmov, fxsr, ht, mmx, 3dnowpref, sse, sse2, sse3, ssse3, sse4a, sse4.1, sse4.2, popcnt, lzcnt, tsc, tscinvbit, avx, avx2, aes, clmul, bmi1, bmi2, adx, sha, fma, vzeroupper, clflush, clflushopt
CPU Model and flags from /proc/cpuinfo:
model name	: AMD Ryzen 5 3550H with Radeon Vega Mobile Gfx
flags		: fpu vme de pse tsc msr pae mce cx8 apic sep mtrr pge mca cmov pat pse36 clflush mmx fxsr sse sse2 ht syscall nx mmxext fxsr_opt pdpe1gb rdtscp lm constant_tsc rep_good nopl nonstop_tsc cpuid extd_apicid aperfmperf rapl pni pclmulqdq monitor ssse3 fma cx16 sse4_1 sse4_2 movbe popcnt aes xsave avx f16c rdrand lahf_lm cmp_legacy svm extapic cr8_legacy abm sse4a misalignsse 3dnowprefetch osvw skinit wdt tce topoext perfctr_core perfctr_nb bpext perfctr_llc mwaitx cpb hw_pstate ssbd ibpb vmmcall fsgsbase bmi1 avx2 smep bmi2 rdseed adx smap clflushopt sha_ni xsaveopt xsavec xgetbv1 clzero xsaveerptr arat npt lbrv svm_lock nrip_save tsc_scale vmcb_clean flushbyasid decodeassists pausefilter pfthreshold avic v_vmsave_vmload vgif overflow_recov succor smca sev sev_es

Online cpus: 0-7
Offline cpus: 
BIOS frequency limitation: 2100000
Frequency switch latency (ns): 0
Available cpu frequencies: 2100000 1700000 1400000 
Current governor: schedutil
Core performance/turbo boost: 1

Memory: 4k page, physical 13652100k(1475036k free), swap 4194300k(4194300k free)
Page Sizes: 4k

vm_info: OpenJDK 64-Bit Server VM (17.0.18+8-Ubuntu-125.10.1) for linux-amd64 JRE (17.0.18+8-Ubuntu-125.10.1), built on Jan 29 2026 04:08:17 by "buildd" with gcc 15.2.0

END.
